# © Der Bundeswahlleiter, Wiesbaden 2021;;;;;;;;;;;;;;;;;;;;;;;;;;;;;;;;;;;;;;;;;;;;;;;;;;;
# Quelle der Rohdaten der Spalten 35 bis 48: © Bundesagentur für Arbeit;;;;;;;;;;;;;;;;;;;;;;;;;;;;;;;;;;;;;;;;;;;;;;;;;;;
# ;;;;;;;;;;;;;;;;;;;;;;;;;;;;;;;;;;;;;;;;;;;;;;;;;;;
# Strukturdaten für die Wahlkreise zum 20. Deutschen Bundestag (Bundestagswahl am 26.09.2021);;;;;;;;;;;;;;;;;;;;;;;;;;;;;;;;;;;;;;;;;;;;;;;;;;;
# ;;;;;;;;;;;;;;;;;;;;;;;;;;;;;;;;;;;;;;;;;;;;;;;;;;;
# Zeichensatz: UTF-8 mit BOM. Trennzeichen: Semikolon.;;;;;;;;;;;;;;;;;;;;;;;;;;;;;;;;;;;;;;;;;;;;;;;;;;;
#;;;;;;;;;;;;;;;;;;;;;;;;;;;;;;;;;;;;;;;;;;;;;;;;;;;
Spalten-Nr.;;;1;2;3;4;5;6;7;8;9;10;11;12;13;14;15;16;17;18;19;20;21;22;23;24;25;26;27;28;29;30;31;32;33;34;35;36;37;38;39;40;41;42;43;44;45;46;47;48;
Land;Wahlkreis-Nr.;Wahlkreis-Name;Gemeinden am 31.12.2019 (Anzahl);Fläche am 31.12.2019 (km²);Bevölkerung am 31.12.2019 - Insgesamt (in 1000);Bevölkerung am 31.12.2019 - Deutsche (in 1000);Bevölkerung am 31.12.2019 - Ausländer/-innen (%);Bevölkerungsdichte am 31.12.2019 (EW je km²);Zu- (+) bzw. Abnahme (-) der Bevölkerung 2019 - Geburtensaldo (je 1000 EW);Zu- (+) bzw. Abnahme (-) der Bevölkerung 2019 - Wanderungssaldo (je 1000 EW);Alter von ... bis ... Jahren am 31.12.2019 - unter 18 (%);Alter von ... bis ... Jahren am 31.12.2019 - 18-24 (%);Alter von ... bis ... Jahren am 31.12.2019 - 25-34 (%);Alter von ... bis ... Jahren am 31.12.2019 - 35-59 (%);Alter von ... bis ... Jahren am 31.12.2019 - 60-74 (%);Alter von ... bis ... Jahren am 31.12.2019 - 75 und mehr (%);Bodenfläche nach Art der tatsächlichen Nutzung am 31.12.2019 - Siedlung und Verkehr (%);Bodenfläche nach Art der tatsächlichen Nutzung am 31.12.2019 - Vegetation und Gewässer (%);Fertiggestellte Wohnungen 2019 (je 1000 EW);Bestand an Wohnungen am 31.12.2019 - insgesamt (je 1000 EW);Wohnfläche am 31.12.2019 (je Wohnung);Wohnfläche am 31.12.2019 (je EW);PKW-Bestand am 01.01.2020 - PKW insgesamt (je 1000 EW);PKW-Bestand am 01.01.2020 - PKW mit Elektro- oder Hybrid-Antrieb (%);Unternehmensregister 2018 - Unternehmen insgesamt (je 1000 EW);Unternehmensregister 2018 - Handwerksunternehmen (je 1000 EW);Schulabgänger/-innen beruflicher Schulen 2019;Schulabgänger/-innen allgemeinbildender Schulen 2019 - insgesamt ohne Externe (je 1000 EW);Schulabgänger/-innen allgemeinbildender Schulen 2019 - ohne Hauptschulabschluss (%);Schulabgänger/-innen allgemeinbildender Schulen 2019 - mit Hauptschulabschluss (%);Schulabgänger/-innen allgemeinbildender Schulen 2019 - mit mittlerem Schulabschluss (%);Schulabgänger/-innen allgemeinblldender Schulen 2019 - mit allgemeiner und Fachhochschulreife (%);Kindertagesbetreuung am 01.03.2020 - Betreute Kinder unter 3 Jahre (Betreuungsquote);Kindertagesbetreuung am 01.03.2020 - Betreute Kinder 3 bis unter 6 Jahre (Betreuungsquote);Verfügbares Einkommen der privaten Haushalte 2018 (EUR je EW);Bruttoinlandsprodukt 2018 (EUR je EW);Sozialversicherungspflichtig Beschäftigte am 30.06.2020 - insgesamt (je 1000 EW);Sozialversicherungspflichtig Beschäftigte am 30.06.2020 - Land- und Forstwirtschaft, Fischerei (%);Sozialversicherungspflichtig Beschäftigte am 30.06.2020 - Produzierendes Gewerbe (%);Sozialversicherungspflichtig Beschäftigte am 30.06.2020 - Handel, Gastgewerbe, Verkehr (%);Sozialversicherungspflichtig Beschäftigte am 30.06.2020 - Öffentliche und private Dienstleister (%);"Sozialversicherungspflichtig Beschäftigte am 30.06.2020 - Übrige Dienstleister und ""ohne Angabe"" (%)";Empfänger/-innen von Leistungen nach SGB II  Oktober 2020 -  insgesamt (je 1000 EW);Empfänger/-innen von Leistungen nach SGB II  Oktober 2020 -  nicht erwerbsfähige Hilfebedürftige (%);Empfänger/-innen von Leistungen nach SGB II  Oktober 2020 -  Ausländer/-innen (%);Arbeitslosenquote Februar 2021 - insgesamt;Arbeitslosenquote Februar 2021 - Männer;Arbeitslosenquote Februar 2021 - Frauen;Arbeitslosenquote Februar 2021 - 15 bis 24 Jahre;Arbeitslosenquote Februar 2021 - 55 bis 64 Jahre;Fußnoten
Schleswig-Holstein;001;Flensburg – Schleswig;126;2.124,3;291,3;266,9;8,4;137,1;-2,7;9,5;16,6;8,4;12,0;33,6;17,6;11,9;12,4;87,6;6,4;523,1;94,3;49,3;592,1;1,0;41,0;6,9;4,8;10,2;9,1;17,7;39,0;34,2;38,8;93,3;21358;31178;345,0;1,7;19,3;27,0;15,4;36,7;76,8;26,1;28,2;7,0;7,7;6,2;5,9;7,6;
Schleswig-Holstein;002;Nordfriesland – Dithmarschen Nord;197;2.777,9;235,0;218,3;7,1;84,6;-5,2;8,3;15,6;7,7;11,0;34,0;18,9;12,8;11,0;89,0;8,3;588,9;94,6;55,7;620,2;1,2;56,1;9,0;3,9;10,8;9,6;19,6;44,0;26,8;31,7;93,2;24354;34160;355,5;2,8;20,5;32,1;11,8;32,7;59,1;26,1;23,8;6,5;6,9;5,9;5,4;7,2;
Schleswig-Holstein;003;Steinburg – Dithmarschen Süd;178;2.000,0;221,0;206,6;6,5;110,5;-5,3;4,6;16,3;7,2;10,5;35,7;18,2;12,2;11,5;88,5;3,8;505,4;97,5;49,2;617,8;0,9;40,0;6,9;2,9;10,6;9,6;17,8;40,2;32,4;31,8;89,9;22292;31977;313,4;3,0;27,7;22,3;15,1;32,0;70,6;26,3;29,3;6,4;6,8;6,1;7,0;6,4;
Schleswig-Holstein;004;Rendsburg-Eckernförde;163;2.165,4;252,1;238,2;5,5;116,4;-3,8;8,6;16,9;7,0;9,9;35,9;18,3;12,0;11,4;88,6;4,3;500,1;99,0;49,5;634,0;1,1;37,9;6,7;2,4;9,5;9,5;19,0;35,7;35,8;36,9;92,1;23410;29036;291,6;2,6;23,7;22,9;17,0;33,9;52,8;29,6;33,2;4,8;5,2;4,3;4,7;5,2;
Schleswig-Holstein;005;Kiel;3;143,0;268,8;238,1;11,4;1879,2;-0,8;-1,8;14,9;10,6;17,2;32,1;14,6;10,5;50,8;49,2;3,1;546,7;72,0;39,4;465,3;1,5;35,3;4,3;6,0;9,0;9,1;15,8;32,5;42,5;35,7;90,2;19718;46128;490,7;0,2;16,4;19,7;24,8;38,9;125,2;26,8;35,1;8,4;9,2;7,4;5,1;8,4;
Schleswig-Holstein;006;Plön – Neumünster;92;1.302,4;223,0;203,7;8,7;171,2;-4,0;5,1;16,1;7,2;10,6;34,6;18,2;13,3;12,1;87,9;2,6;505,6;90,7;45,8;588,1;1,1;37,6;6,4;4,8;10,4;9,8;17,8;35,4;37,0;34,1;87,2;22081;29053;329,6;1,6;22,1;28,7;17,5;30,1;75,8;27,7;30,1;6,7;7,3;6,1;6,7;7,0;
Schleswig-Holstein;007;Pinneberg;49;664,3;316,1;280,9;11,1;475,9;-2,5;8,1;17,1;7,1;10,8;36,4;16,5;12,1;22,2;77,8;5,0;491,3;91,5;44,9;560,8;1,4;42,9;6,9;2,2;10,6;7,6;15,4;38,6;38,3;32,2;87,2;24708;29803;295,0;2,2;29,0;29,0;14,5;25,4;67,4;29,4;44,4;5,9;6,3;5,4;5,3;6,1;
Schleswig-Holstein;008;Segeberg – Stormarn-Mitte;95;1.333,4;320,6;294,9;8,0;240,5;-1,9;5,7;17,2;6,8;10,5;36,9;17,0;11,6;15,5;84,5;5,3;478,7;96,0;46,0;609,8;1,3;43,4;7,0;2,6;10,2;8,4;16,9;37,0;37,7;36,0;88,7;23952;31902;340,2;1,1;28,4;29,4;16,0;25,1;50,4;29,0;38,8;5,0;5,2;4,8;4,6;5,5;
Schleswig-Holstein;009;Ostholstein – Stormarn-Nord;49;1.533,7;220,6;208,0;5,7;143,9;-6,7;6,8;14,7;6,3;9,3;35,1;20,3;14,3;12,3;87,7;5,9;568,8;90,7;51,6;630,2;0,9;46,9;7,3;3,4;9,8;10,6;20,0;37,8;31,5;36,7;93,8;23411;27539;312,3;1,4;21,3;31,2;12,7;33,4;50,7;26,0;27,6;6,1;6,5;5,6;5,4;7,4;
Schleswig-Holstein;010;Herzogtum Lauenburg – Stormarn-Süd;126;1.349,9;319,6;292,0;8,6;236,8;-3,8;8,8;17,1;6,6;9,8;36,0;17,0;13,5;15,3;84,7;3,3;481,2;95,7;46,0;606,3;1,2;42,0;6,6;2,3;9,7;7,9;16,1;34,4;41,6;36,4;89,6;24571;27988;295,7;1,2;28,3;28,1;14,6;27,9;54,1;29,8;38,7;5,1;5,4;4,7;5,5;5,2;
Schleswig-Holstein;011;Lübeck;28;406,3;235,6;212,0;10,0;580,0;-4,2;1,3;15,4;8,1;13,3;33,9;16,7;12,6;24,3;75,7;3,7;539,0;75,3;40,6;471,1;1,2;37,1;5,0;4,6;9,2;11,7;16,1;34,2;38,0;36,2;91,6;20404;42134;445,3;0,2;23,7;23,9;20,8;31,5;107,9;26,4;28,9;8,5;9,3;7,7;7,5;8,7;
Schleswig-Holstein;901;Land insgesamt;1106;15.800,5;2903,8;2659,6;8,4;183,8;-3,5;6,0;16,3;7,5;11,4;35,0;17,5;12,4;13,4;86,6;4,7;517,7;90,6;46,9;581,1;1,2;41,8;6,6;3,6;10,0;9,2;17,4;37,2;36,2;35,2;90,4;22833;32721;345,4;1,5;23,5;26,5;16,9;31,7;71,3;27,5;33,0;6,3;6,8;5,8;5,7;6,7;
Mecklenburg-Vorpommern;012;Schwerin – Ludwigslust-Parchim I – Nordwestmecklenburg I;127;3.640,9;269,2;251,3;6,7;73,9;-3,4;2,6;16,3;5,5;10,9;35,7;19,5;12,2;9,0;91,0;2,7;544,1;80,8;44,0;547,1;0,9;36,9;7,7;1,5;8,6;9,7;12,6;41,3;36,3;55,4;94,2;19927;29893;385,2;2,6;24,7;19,9;16,9;35,8;78,7;23,9;22,9;8,0;8,8;7,1;10,7;7,6;
Mecklenburg-Vorpommern;013;Ludwigslust-Parchim II – Nordwestmecklenburg II – Landkreis Rostock I;119;3.937,0;249,3;239,4;4,0;63,3;-5,7;7,5;15,3;4,9;9,5;35,6;21,6;13,1;8,9;91,1;3,5;550,0;82,8;45,5;585,9;0,8;37,5;8,5;0,4;8,0;8,8;13,6;44,3;33,4;56,0;93,3;20014;24594;308,0;4,3;31,4;23,4;11,1;29,8;57,6;22,2;13,2;6,8;7,4;6,2;8,3;7,3;
Mecklenburg-Vorpommern;014;Rostock – Landkreis Rostock II;36;994,5;276,5;261,2;5,5;278,0;-3,1;6,0;14,9;7,6;13,9;32,9;17,6;13,1;15,6;84,4;5,1;564,9;70,6;39,9;450,3;1,2;36,3;5,1;1,4;8,0;10,7;9,9;35,3;44,1;60,1;100,0;19274;33708;413,7;0,8;17,9;23,6;22,5;35,1;76,3;22,3;18,1;7,9;9,0;6,7;7,7;7,9;
Mecklenburg-Vorpommern;015;Vorpommern-Rügen – Vorpommern-Greifswald I;111;3.475,8;294,4;280,5;4,7;84,7;-6,2;6,7;14,7;6,2;11,3;34,2;20,3;13,3;9,3;90,7;4,1;591,6;75,4;44,6;542,7;1,0;41,8;7,5;0,9;7,7;7,4;15,0;47,5;30,0;58,3;95,9;19231;25124;332,1;2,8;17,0;28,8;13,7;37,6;74,0;22,0;11,8;11,0;11,9;10,1;11,8;12,2;
Mecklenburg-Vorpommern;016;Mecklenburgische Seenplatte I – Vorpommern-Greifswald II;158;4.968,3;267,4;257,1;3,8;53,8;-8,1;2,8;14,9;4,8;9,1;34,6;22,6;14,0;8,0;92,0;2,3;589,9;78,5;46,3;541,1;0,9;36,9;7,4;0,9;8,5;9,7;13,6;42,3;34,5;58,6;96,7;18774;26109;352,0;2,9;19,4;24,1;15,7;38,0;82,9;20,1;10,6;9,9;11,1;8,5;11,3;10,5;
Mecklenburg-Vorpommern;017;Mecklenburgische Seenplatte II – Landkreis Rostock III;175;6.277,7;251,3;243,8;3,0;40,0;-7,5;4,2;15,4;4,5;9,1;35,8;21,4;13,8;7,0;93,0;1,6;568,1;80,0;45,4;567,5;0,9;39,1;8,1;0,9;8,7;9,2;12,6;43,4;34,8;57,2;93,4;19679;26866;342,0;3,5;22,1;26,8;14,1;33,6;72,8;21,1;11,3;8,5;9,5;7,4;10,8;8,8;
Mecklenburg-Vorpommern;913;Land insgesamt;726;23.295,2;1608,1;1533,3;4,7;69,0;-5,6;5,0;15,2;5,6;10,7;34,8;20,5;13,2;8,6;91,4;3,3;568,6;77,8;44,2;537,9;0,9;38,1;7,4;1,0;8,2;9,2;12,9;42,3;35,5;57,6;95,6;19470;27747;356,1;2,7;21,7;24,4;16,1;35,2;73,9;21,9;14,7;8,7;9,6;7,7;10,0;9,1;Spalte 2: In der Landessumme sind die Küstengewässer einschl. Anteil am Festlandsockel mit 1 km² enthalten.
Hamburg;018;Hamburg-Mitte;1;118,4;360,311;281,7;21,8;3043,7;1,9;2,7;16,8;7,9;16,3;35,4;13,6;9,9;58,9;41,1;5,3;523,0;74,6;39,0;435,3;2,3;55,7;4,5;2,0;8,8;6,0;17,8;22,3;53,9;46,7;89,9;25029;64771;540,0;0,1;15,8;26,8;32,9;24,3;103,2;26,6;40,2;8,1;8,6;7,6;7,0;8,6;Die Stadt Hamburg bildet mehrere Wahlkreise. In den Spalten 1 und 7 bis 48 sind die Werte für Hamburg insgesamt ausgewiesen.
Hamburg;019;Hamburg-Altona;1;77,9;267,9;226,5;15,5;3438,8;1,9;2,7;16,8;7,9;16,3;35,4;13,6;9,9;58,9;41,1;5,3;523,0;74,6;39,0;435,3;2,3;55,7;4,5;2,0;8,8;6,0;17,8;22,3;53,9;46,7;89,9;25029;64771;540,0;0,1;15,8;26,8;32,9;24,3;103,2;26,6;40,2;8,1;8,6;7,6;7,0;8,6;Die Stadt Hamburg bildet mehrere Wahlkreise. In den Spalten 1 und 7 bis 48 sind die Werte für Hamburg insgesamt ausgewiesen.
Hamburg;020;Hamburg-Eimsbüttel;1;49,8;260,3;225,9;13,2;5225,5;1,9;2,7;16,8;7,9;16,3;35,4;13,6;9,9;58,9;41,1;5,3;523,0;74,6;39,0;435,3;2,3;55,7;4,5;2,0;8,8;6,0;17,8;22,3;53,9;46,7;89,9;25029;64771;540,0;0,1;15,8;26,8;32,9;24,3;103,2;26,6;40,2;8,1;8,6;7,6;7,0;8,6;Die Stadt Hamburg bildet mehrere Wahlkreise. In den Spalten 1 und 7 bis 48 sind die Werte für Hamburg insgesamt ausgewiesen.
Hamburg;021;Hamburg-Nord;1;115,0;289,2;257,7;10,9;2514,4;1,9;2,7;16,8;7,9;16,3;35,4;13,6;9,9;58,9;41,1;5,3;523,0;74,6;39,0;435,3;2,3;55,7;4,5;2,0;8,8;6,0;17,8;22,3;53,9;46,7;89,9;25029;64771;540,0;0,1;15,8;26,8;32,9;24,3;103,2;26,6;40,2;8,1;8,6;7,6;7,0;8,6;Die Stadt Hamburg bildet mehrere Wahlkreise. In den Spalten 1 und 7 bis 48 sind die Werte für Hamburg insgesamt ausgewiesen.
Hamburg;022;Hamburg-Wandsbek;1;78,8;326,9;278,4;14,8;4149,9;1,9;2,7;16,8;7,9;16,3;35,4;13,6;9,9;58,9;41,1;5,3;523,0;74,6;39,0;435,3;2,3;55,7;4,5;2,0;8,8;6,0;17,8;22,3;53,9;46,7;89,9;25029;64771;540,0;0,1;15,8;26,8;32,9;24,3;103,2;26,6;40,2;8,1;8,6;7,6;7,0;8,6;Die Stadt Hamburg bildet mehrere Wahlkreise. In den Spalten 1 und 7 bis 48 sind die Werte für Hamburg insgesamt ausgewiesen.
Hamburg;023;Hamburg-Bergedorf – Harburg;1;315,2;342,7;271,5;20,8;1087,1;1,9;2,7;16,8;7,9;16,3;35,4;13,6;9,9;58,9;41,1;5,3;523,0;74,6;39,0;435,3;2,3;55,7;4,5;2,0;8,8;6,0;17,8;22,3;53,9;46,7;89,9;25029;64771;540,0;0,1;15,8;26,8;32,9;24,3;103,2;26,6;40,2;8,1;8,6;7,6;7,0;8,6;Die Stadt Hamburg bildet mehrere Wahlkreise. In den Spalten 1 und 7 bis 48 sind die Werte für Hamburg insgesamt ausgewiesen.
Hamburg;902;Land insgesamt;1;755,1;1847,3;1541,6;16,5;2446,4;1,9;2,7;16,8;7,9;16,3;35,4;13,6;9,9;58,9;41,1;5,3;523,0;74,6;39,0;435,3;2,3;55,7;4,5;2,0;8,8;6,0;17,8;22,3;53,9;46,7;89,9;25029;64771;540,0;0,1;15,8;26,8;32,9;24,3;103,2;26,6;40,2;8,1;8,6;7,6;7,0;8,6;
Niedersachsen;024;Aurich – Emden;25;1.399,7;239,6;224,1;6,5;171,2;-3,4;2,0;16,5;8,0;11,3;34,2;19,0;11,0;16,3;83,7;3,2;524,3;99,2;52,0;589,7;0,8;36,6;5,8;5,3;10,4;9,0;18,1;42,0;30,9;26,4;92,5;20327;36445;387,2;1,3;30,0;25,1;14,7;28,9;81,1;26,6;22,3;8,0;8,4;7,7;7,2;8,2;
Niedersachsen;025;Unterems;56;2.597,8;321,3;285,0;11,3;123,7;-1,2;6,5;17,7;8,1;12,3;35,1;17,0;9,8;14,8;85,2;5,4;458,9;113,1;51,9;608,7;0,7;37,2;6,5;5,9;10,5;7,8;15,9;50,9;25,4;31,7;94,6;20559;33099;354,5;1,9;33,4;22,9;14,3;27,5;46,6;24,7;29,5;5,0;5,0;4,9;4,5;5,5;
Niedersachsen;026;Friesland – Wilhelmshaven – Wittmund;28;1.373,5;231,7;217,5;6,1;168,7;-5,8;6,4;15,4;7,7;11,2;32,8;19,4;13,5;16,3;83,7;3,9;563,3;93,6;52,7;613,3;0,8;35,5;6,0;4,6;9,5;7,6;18,6;44,2;29,5;26,0;92,4;20268;31666;331,9;1,3;23,2;23,7;14,4;37,4;81,3;26,0;27,7;8,0;8,5;7,5;5,8;9,3;
Niedersachsen;027;Oldenburg – Ammerland;7;833,7;293,9;268,7;8,6;352,6;-1,0;6,7;16,2;8,8;13,9;33,9;16,5;10,8;23,1;76,9;6,8;527,9;95,7;50,5;573,6;1,2;41,4;6,1;5,7;11,3;5,6;13,7;39,1;41,6;37,9;96,3;21093;39934;443,8;2,1;18,0;24,3;22,7;32,9;77,8;27,1;36,1;6,2;7,0;5,4;5,4;6,6;
Niedersachsen;028;Delmenhorst – Wesermarsch – Oldenburg-Land;25;1.952,1;297,0;266,4;10,3;152,2;-2,4;4,7;17,0;7,6;11,0;35,1;17,7;11,5;14,7;85,3;3,2;486,3;101,8;49,5;603,5;1,0;34,8;6,4;4,3;10,2;7,2;15,4;53,0;24,4;27,6;87,5;21890;26384;297,3;2,0;35,8;24,0;10,7;27,6;76,8;28,2;37,5;6,5;6,7;6,4;6,2;6,5;
Niedersachsen;029;Cuxhaven – Stade II;45;2.575,3;234,9;220,9;6,0;91,2;-5,4;5,4;16,4;6,7;10,0;34,4;19,7;12,7;11,2;88,8;4,2;524,7;102,4;53,8;629,5;1,0;32,7;5,3;4,0;9,3;8,1;16,9;50,3;24,7;33,3;93,5;22260;24115;257,9;3,6;26,3;25,3;11,8;33,0;61,0;27,8;28,3;6,4;6,7;6,0;6,2;6,8;
Niedersachsen;030;Stade I – Rotenburg II;60;1.972,8;256,3;233,9;8,8;129,9;-1,8;7,2;17,3;7,8;11,7;35,2;17,1;10,9;13,1;86,9;5,2;484,4;104,2;50,5;638,3;1,1;36,6;5,7;4,7;10,8;7,3;15,4;47,0;30,3;31,5;91,7;22911;30859;326,2;3,0;27,9;25,0;14,3;29,9;59,9;28,8;33,7;5,7;6,0;5,4;5,9;5,6;
Niedersachsen;031;Mittelems;48;2.353,4;313,5;278,2;11,3;133,2;-0,6;5,2;18,0;7,9;12,0;34,9;17,0;10,2;15,0;85,0;5,4;451,1;115,4;52,0;614,4;0,9;38,4;6,7;6,0;11,1;7,4;15,7;49,8;27,1;35,3;95,5;21058;37266;409,1;1,8;38,7;21,4;13,1;25,0;41,7;26,7;33,9;3,2;3,3;3,2;2,9;3,7;
Niedersachsen;032;Cloppenburg – Vechta;23;2.234,5;313,5;276,0;11,9;140,3;2,8;5,4;20,0;9,3;13,3;34,7;14,5;8,3;16,6;83,4;7,2;416,8;121,4;50,6;600,3;0,8;42,7;8,3;6,8;12,3;8,7;16,8;51,2;23,3;32,3;93,4;21634;39140;452,1;3,6;42,3;20,8;12,0;21,3;48,7;29,5;40,3;4,6;4,7;4,6;3,9;5,4;
Niedersachsen;033;Diepholz – Nienburg I;59;2.490,9;247,9;227,9;8,1;99,5;-2,9;4,7;16,7;7,2;10,8;35,7;17,9;11,8;13,0;87,0;3,6;468,6;111,8;52,4;645,9;1,1;40,4;6,4;2,9;10,4;5,6;13,3;51,9;29,2;34,2;92,0;23149;30299;333,3;2,2;31,5;28,0;12,2;26,1;55,7;30,0;37,9;5,0;5,3;4,7;5,0;4,9;
Niedersachsen;034;Osterholz – Verden;22;1.442,0;251,1;234,2;6,7;174,1;-2,9;6,2;17,2;7,0;10,2;35,4;18,3;11,8;15,4;84,6;5,1;471,6;109,4;51,6;632,6;0,9;35,8;5,5;3,3;9,5;4,9;13,6;45,7;35,8;33,0;91,1;23482;26156;303,4;2,2;28,6;28,0;13,1;28,2;46,0;28,5;35,0;3,9;4,1;3,8;4,1;4,4;
Niedersachsen;035;Rotenburg I – Heidekreis;45;2.734,5;215,8;198,3;8,1;78,9;-2,8;8,8;17,0;7,8;11,4;34,7;17,5;11,7;11,1;88,9;3,4;485,8;105,3;51,2;646,2;0,8;36,9;6,3;4,5;10,5;6,9;13,5;49,6;30,0;30,1;91,0;21800;33195;346,4;2,2;24,9;29,0;11,2;32,7;54,4;27,0;26,4;5,7;5,8;5,5;5,5;6,0;
Niedersachsen;036;Harburg;42;1.248,5;254,4;234,5;7,8;203,8;-1,6;8,4;17,3;7,0;10,0;36,7;17,1;12,0;17,2;82,8;5,4;482,6;105,6;51,0;652,3;1,5;43,6;6,0;3,0;9,3;5,1;10,3;44,9;39,8;36,0;95,8;25687;24359;265,7;2,1;20,9;36,2;15,3;25,6;43,4;29,4;32,1;4,8;5,2;4,4;4,8;5,6;
Niedersachsen;037;Lüchow-Dannenberg – Lüneburg;70;2.555,1;232,6;217,2;6,6;91,0;-2,8;6,4;16,7;8,0;11,3;35,3;17,3;11,4;10,1;89,9;1,2;504,5;98,1;49,5;579,0;1,1;38,4;5,5;4,0;10,6;6,2;15,0;42,0;36,8;38,2;94,1;21227;27708;317,9;2,2;24,1;22,6;15,5;35,5;66,4;26,4;27,8;6,8;7,5;6,0;6,5;7,4;
Niedersachsen;038;Osnabrück-Land;29;1.916,3;265,0;240,7;9,2;138,3;-0,8;3,6;18,2;7,9;11,4;35,1;16,7;10,7;14,2;85,8;4,1;446,7;109,7;49,0;642,6;1,0;37,0;6,5;1,3;8,9;6,3;16,4;53,3;24,0;33,7;91,9;23030;30622;366,5;1,7;38,0;22,5;15,0;22,9;33,4;27,3;29,1;3,7;3,8;3,5;3,2;4,2;
Niedersachsen;039;Stadt Osnabrück;6;325,3;258,3;230,3;10,8;794,2;-0,5;2,5;15,7;10,3;14,8;32,8;15,5;10,9;34,2;65,8;1,9;509,8;90,6;46,2;561,3;1,5;39,8;5,3;6,7;11,4;5,7;10,3;45,9;38,2;33,4;93,3;22006;42899;509,1;0,5;23,7;24,1;20,8;31,0;72,7;26,2;37,7;6,2;6,7;5,6;4,8;6,5;
Niedersachsen;040;Nienburg II – Schaumburg;60;1.576,6;248,4;226,7;8,7;157,5;-5,3;4,9;16,2;7,4;10,4;34,8;18,3;12,8;15,2;84,8;2,8;501,2;103,7;52,0;639,1;1,1;35,1;6,0;4,2;9,8;7,6;13,9;41,9;36,6;31,6;92,3;21717;27626;308,5;1,3;30,9;22,6;11,7;33,5;66,8;28,9;35,2;5,9;6,5;5,3;6,7;6,2;
Niedersachsen;041;Stadt Hannover I;1;112,9;260,1;212,8;18,2;2303,8;0,0;0,1;15,7;9,1;17,0;33,6;14,3;10,2;69,8;30,2;2,4;555,2;75,3;41,8;505,4;1,3;38,9;5,2;3,4;9,7;5,9;11,7;41,5;40,9;34,2;91,0;21859;45583;448,2;0,2;20,2;23,0;26,0;30,6;101,3;27,4;42,9;8,2;8,8;7,4;7,7;7,7;Die Stadt Hannover bildet mehrere Wahlkreise. In den Spalten 1 und 7 bis 48 sind die Werte für Hannover insgesamt ausgewiesen.
Niedersachsen;042;Stadt Hannover II;1;91,4;276,8;227,2;17,9;3028,6;0,0;0,1;15,7;9,1;17,0;33,6;14,3;10,2;69,8;30,2;2,4;555,2;75,3;41,8;505,4;1,3;38,9;5,2;3,4;9,7;5,9;11,7;41,5;40,9;34,2;91,0;21859;45583;448,2;0,2;20,2;23,0;26,0;30,6;101,3;27,4;42,9;8,2;8,8;7,4;7,7;7,7;Die Stadt Hannover bildet mehrere Wahlkreise. In den Spalten 1 und 7 bis 48 sind die Werte für Hannover insgesamt ausgewiesen.
Niedersachsen;043;Hannover-Land I;8;1.135,7;306,4;273,6;10,7;269,8;-3,0;4,5;17,3;7,2;10,4;35,2;17,1;12,9;18,8;81,2;3,5;490,8;99,7;49,0;505,4;1,3;38,9;5,2;3,4;9,7;5,9;11,7;41,5;40,9;34,2;91,0;21859;45583;448,2;0,2;20,2;23,0;26,0;30,6;101,3;27,4;42,9;8,2;8,8;7,4;7,7;7,7;Die Werte in den Spalten 21 bis 48 gelten für die komplette Region Hannover, daher sind in den Wahlkreisen 41 bis 43 und 47 die gleichen Werte ausgewiesen.
Niedersachsen;044;Celle – Uelzen;48;3.013,4;271,4;251,8;7,2;90,1;-4,7;4,5;16,5;7,1;10,8;34,1;18,6;12,9;10,5;89,5;2,8;512,4;102,5;52,5;611,8;0,9;34,1;5,9;6,0;9,5;7,9;18,2;46,4;27,6;32,4;91,8;21170;29275;325,6;1,9;27,7;21,0;11,0;38,4;70,3;26,7;29,5;6,4;7,1;5,5;7,2;6,2;
Niedersachsen;045;Gifhorn – Peine;35;1.819,6;284,8;263,9;7,3;156,5;-1,5;6,1;17,9;7,2;10,9;36,0;17,1;10,9;13,8;86,2;4,9;472,0;110,1;51,9;616,2;0,9;26,5;4,7;2,3;9,5;3,8;12,9;46,5;36,8;31,8;88,8;23087;21403;244,4;1,2;27,8;22,5;17,5;31,0;58,7;29,7;32,7;5,1;5,2;5,0;5,5;4,7;
Niedersachsen;046;Hameln-Pyrmont – Holzminden;42;1.802,4;236,2;214,3;9,3;131,0;-6,8;4,3;15,6;7,0;10,3;33,7;19,2;14,3;12,1;87,9;1,0;543,4;97,8;53,2;627,5;0,9;34,1;6,0;4,9;8,8;10,5;14,1;46,2;29,2;30,1;93,1;21942;32976;341,0;1,2;34,0;18,6;14,2;32,0;79,3;27,5;35,4;7,0;7,7;6,3;6,3;6,4;
Niedersachsen;047;Hannover-Land II;12;957,1;313,8;281,3;10,4;327,8;-3,0;3,8;17,3;7,0;10,3;35,2;17,6;12,7;18,2;81,8;2,9;492,1;98,3;48,4;505,4;1,3;38,9;5,2;3,4;9,7;5,9;11,7;41,5;40,9;34,2;91,0;21859;45583;448,2;0,2;20,2;23,0;26,0;30,6;101,3;27,4;42,9;8,2;8,8;7,4;7,7;7,7;Die Werte in den Spalten 21 bis 48 gelten für die komplette Region Hannover, daher sind in den Wahlkreisen 41 bis 43 und 47 die gleichen Werte ausgewiesen.
Niedersachsen;048;Hildesheim;20;1.208,3;275,8;252,7;8,4;228,3;-4,7;2,3;15,7;8,2;11,4;34,2;17,9;12,6;15,8;84,2;1,9;518,7;95,7;49,7;583,4;1,0;32,6;5,8;5,2;10,6;7,2;12,8;44,3;35,7;30,9;93,5;21685;28772;336,3;0,4;30,4;20,4;13,5;35,2;73,9;26,2;34,4;6,8;7,6;5,9;6,1;6,7;
Niedersachsen;049;Salzgitter – Wolfenbüttel;39;1.238,4;266,2;237,0;11,0;215,0;-4,3;-0,4;16,5;7,6;10,8;34,2;18,3;12,7;15,5;84,5;1,7;529,0;94,1;49,8;583,6;0,8;26,6;4,3;3,2;9,0;7,2;14,6;48,3;30,0;26,9;89,4;21407;35983;329,6;0,7;41,4;18,3;10,8;28,9;91,1;28,8;40,2;7,5;7,7;7,1;7,5;6,5;
Niedersachsen;050;Braunschweig;1;192,7;249,4;222,2;10,9;1294,3;-1,3;6,0;14,7;8,8;16,4;33,1;15,3;11,7;47,3;52,7;1,9;558,6;79,8;44,6;572,6;2,2;35,3;4,4;5,8;9,7;6,1;9,3;33,3;51,2;37,5;93,7;22612;78057;526,8;0,1;21,1;19,1;31,6;28,2;73,4;23,0;29,0;5,7;6,0;5,3;4,0;6,2;
Niedersachsen;051;Helmstedt – Wolfsburg;37;1.165,2;242,2;214,8;11,3;207,8;-2,8;4,9;16,5;6,7;12,6;34,9;17,1;12,2;16,0;84,0;3,1;525,1;94,7;49,7;876,7;1,7;22,8;3,6;2,9;9,8;6,2;10,9;42,2;40,8;34,5;91,0;24150;103205;622,5;0,4;54,4;11,9;16,4;16,9;67,1;25,9;35,5;5,9;6,1;5,7;6,6;5,4;
Niedersachsen;052;Goslar – Northeim – Osterode;20;2.125,5;250,4;229,6;8,3;117,8;-7,7;3,0;14,2;7,3;10,4;33,6;20,1;14,4;11,3;88,7;1,9;566,0;92,9;52,6;617,5;0,8;34,4;5,7;5,1;9,2;6,4;13,9;45,2;34,5;35,1;91,4;21735;30368;345,2;2,3;30,4;21,4;12,3;33,5;69,1;25,6;28,7;6,6;7,3;5,8;6,9;6,3;
Niedersachsen;053;Göttingen;32;1.265,2;284,7;258,8;9,1;225,1;-3,5;-1,6;15,3;9,7;13,8;32,4;17,2;11,6;15,6;84,4;1,8;540,0;88,3;47,7;562,3;1,1;34,3;5,2;5,1;9,2;7,1;12,3;40,0;40,5;37,8;88,8;21130;35738;399,4;0,5;23,2;19,0;18,3;39,0;62,0;23,3;29,7;6,3;6,9;5,6;5,3;5,9;
Niedersachsen;903;Land insgesamt;945;47.709,8;7993,6;7220,4;9,7;167,5;-2,6;4,4;16,7;7,9;12,0;34,5;17,3;11,6;14,6;85,4;3,5;503,8;99,1;49,9;602,1;1,1;36,1;5,7;4,4;10,0;6,8;14,0;45,5;33,8;32,9;92,2;21988;37290;377,4;1,4;29,2;22,5;17,3;29,6;68,9;27,1;34,9;6,1;6,5;5,7;5,7;6,2;
Bremen;054;Bremen I;1;154,3;356,9;296,6;16,9;2312,0;-0,5;-1,8;16,1;8,7;14,7;33,5;15,8;11,3;59,2;40,8;3,0;524,7;78,9;41,4;429,4;1,6;41,2;3,9;2,6;9,4;9,2;20,2;34,6;36,1;30,5;87,3;21481;50675;494,4;0,0;22,7;25,2;24,7;27,4;144,5;28,8;46,1;11,2;11,9;10,3;10,2;9,5;
Bremen;055;Bremen II – Bremerhaven;1;265,0;324,3;258,4;20,3;1223,8;-1,1;-0,4;16,5;8,6;14,0;33,1;16,4;11,3;54,8;45,2;3,4;539,3;77,8;42,0;435,7;1,6;38,2;3,8;2,5;9,8;9,4;21,8;32,8;36,0;27,2;84,7;21481;45356;481,2;0,0;21,6;27,4;22,4;28,6;155,6;28,4;41,9;12,1;12,8;11,2;10,7;10,4;Spalte 1: Ohne den im Wahlkreis 55 enthaltenen Teil der Stadt Bremen.
Bremen;904;Land insgesamt;2;419,4;681,2;555,0;18,5;1624,3;-0,8;-1,1;16,3;8,7;14,4;33,3;16,1;11,3;56,4;43,6;3,2;531,7;78,4;41,7;432,4;1,6;39,8;3,9;2,5;9,6;9,3;21,0;33,7;36,0;29,0;86,0;21481;48144;488,1;0,0;22,2;26,2;23,7;27,9;149,7;28,6;44,0;11,6;12,3;10,7;10,5;10,0;
Brandenburg;056;Prignitz – Ostprignitz-Ruppin – Havelland I;66;5.673,7;208,9;200,0;4,3;36,8;-7,3;5,4;14,7;4,9;9,5;35,5;21,4;14,0;6,7;93,3;2,2;562,7;83,0;46,7;590,3;0,9;38,6;9,7;2,5;8,7;10,8;12,5;41,1;35,7;56,9;96,3;19353;25671;344,2;4,7;27,7;21,2;11,0;35,3;69,8;21,8;15,4;7,3;8,0;6,6;9,7;7,4;
Brandenburg;057;Uckermark – Barnim I;55;4.251,6;220,6;210,5;4,5;51,9;-6,5;7,2;15,1;4,9;9,1;35,2;21,2;14,4;7,4;92,6;3,1;556,2;81,8;45,5;572,5;1,2;36,3;8,6;1,3;8,0;8,8;13,8;44,1;33,4;56,6;94,1;19531;26121;302,7;3,4;24,9;23,8;11,8;36,1;84,0;21,3;11,7;8,8;9,6;8,0;11,1;8,9;
Brandenburg;058;Oberhavel – Havelland II;25;2.206,2;305,1;292,9;4,0;138,3;-3,2;12,3;17,0;5,6;9,0;38,6;17,9;12,0;12,1;87,9;4,2;482,6;90,7;43,8;575,7;1,4;38,0;8,6;2,0;8,9;6,4;14,5;35,9;43,2;56,9;94,2;21079;24971;272,1;1,8;28,9;27,0;12,7;29,6;49,9;22,5;16,6;5,8;6,5;5,1;7,8;6,0;
Brandenburg;059;Märkisch-Oderland – Barnim II;49;2.463,6;279,4;269,1;3,7;113,4;-4,3;15,7;16,3;4,5;9,0;37,9;19,7;12,4;12,4;87,6;6,1;501,0;89,1;44,6;588,7;1,3;41,1;10,3;1,2;7,5;8,2;14,0;44,5;33,3;58,5;95,4;20712;21628;263,5;2,5;22,2;25,8;14,0;35,6;56,2;21,8;14,4;6,3;7,2;5,4;8,6;6,8;
Brandenburg;060;Brandenburg an der Havel – Potsdam-Mittelmark I – Havelland III – Teltow-Fläming I;38;3.266,7;248,7;237,1;4,7;76,1;-6,6;8,5;15,3;4,8;10,0;35,4;20,1;14,4;9,1;90,9;3,2;542,5;82,0;44,5;557,5;1,3;39,5;8,5;2,0;8,1;6,1;12,2;36,6;45,1;59,2;97,0;21151;27307;326,5;1,8;24,3;25,8;16,2;31,9;58,1;23,5;18,6;5,8;6,5;5,1;7,0;6,1;
Brandenburg;061;Potsdam – Potsdam-Mittelmark II – Teltow-Fläming II;8;556,2;302,7;279,8;7,6;544,2;-0,5;14,9;18,0;6,7;12,5;36,2;15,3;11,3;24,7;75,3;7,9;507,1;81,0;41,1;490,7;1,4;43,9;7,0;1,9;9,6;5,2;9,8;32,1;53,0;57,5;97,6;21720;36404;411,7;0,9;12,8;19,8;28,9;37,7;57,8;25,2;28,7;5,7;6,5;4,8;5,8;5,8;
Brandenburg;062;Dahme-Spreewald – Teltow-Fläming III – Oberspreewald-Lausitz I;51;4.025,9;311,4;295,1;5,2;77,3;-4,0;12,5;16,1;5,3;9,9;37,2;18,4;13,1;10,7;89,3;7,0;509,3;87,3;44,5;605,5;1,4;42,4;9,5;1,1;7,8;6,6;14,2;40,6;38,6;56,1;93,5;20780;34034;364,0;2,8;26,9;32,8;13,5;24,0;47,9;23,8;17,7;5,1;5,5;4,6;4,7;5,9;
Brandenburg;063;Frankfurt (Oder) – Oder-Spree;38;2.404,6;236,6;222,5;5,9;98,4;-6,1;6,4;15,1;5,3;9,3;34,9;20,8;14,6;10,7;89,3;3,0;548,4;80,2;44,0;570,9;1,0;36,7;8,5;2,8;9,0;8,7;12,9;40,7;37,7;57,1;96,7;20091;28788;356,0;1,6;23,5;21,5;14,9;38,5;74,0;23,0;20,0;7,3;8,1;6,5;9,1;7,7;
Brandenburg;064;Cottbus – Spree-Neiße;30;1.822,6;213,4;200,8;5,9;117,1;-6,7;1,0;14,4;5,2;10,1;34,4;21,1;14,8;19,3;80,7;2,1;574,3;77,5;44,5;559,8;1,0;37,2;9,3;2,1;7,9;8,0;15,0;34,3;42,7;59,6;95,1;19853;33790;387,6;1,2;26,5;20,5;16,1;35,8;83,5;23,3;22,4;7,7;8,6;6,7;6,3;8,3;
Brandenburg;065;Elbe-Elster – Oberspreewald-Lausitz II;57;2.983,3;195,2;189,3;3,0;65,4;-8,6;-1,0;14,2;4,2;8,7;35,3;21,9;15,7;13,1;86,9;1,3;578,4;80,8;46,7;610,8;1,0;35,8;10,1;1,1;7,9;8,3;18,1;43,7;29,9;59,6;96,2;19412;26138;343,0;3,3;33,2;19,6;12,9;31,0;69,7;20,6;10,8;7,7;8,2;7,2;5,7;9,6;
Brandenburg;912;Land insgesamt;417;29.654,4;2521,9;2397,0;5,0;85,0;-5,0;9,1;15,8;5,2;9,8;36,2;19,5;13,5;10,6;89,4;4,3;531,2;83,6;44,4;570,7;1,2;39,2;8,9;1,8;8,4;7,5;13,5;38,9;40,2;57,7;95,6;20475;28670;336,4;2,3;24,4;24,0;16,0;33,4;63,4;22,7;17,8;6,6;7,3;5,8;7,4;7,1;
Sachsen-Anhalt;066;Altmark;38;4.717,9;194,4;187,3;3,6;41,2;-6,3;-0,4;15,2;5,0;9,6;35,6;21,2;13,4;7,5;92,5;1,9;576,5;86,7;50,0;589,5;0,8;33,8;8,3;2,1;8,9;13,4;10,1;49,0;27,6;56,5;93,4;19433;24945;316,3;4,9;28,3;20,6;10,5;35,6;85,9;20,3;13,8;8,7;9,6;7,8;9,5;8,8;
Sachsen-Anhalt;067;Börde – Jerichower Land;42;3.944,1;260,5;251,7;3,4;66,1;-6,7;2,4;15,4;4,6;9,5;36,9;21,0;12,6;9,8;90,2;2,6;549,1;88,5;48,6;616,3;0,7;32,4;7,6;1,3;7,9;9,4;9,0;54,6;27,0;61,5;94,5;20634;27269;341,5;3,2;35,4;26,0;9,1;26,2;57,8;20,9;13,7;6,5;7,2;5,8;8,1;7,2;
Sachsen-Anhalt;068;Harz;22;2.339,9;248,2;239,7;3,4;106,1;-9,5;4,1;14,0;5,1;9,3;34,6;21,9;15,1;10,8;89,2;2,4;605,6;79,2;48,0;574,1;0,8;34,3;7,1;2,3;8,3;9,6;8,6;51,8;30,0;59,7;93,3;19792;24142;334,8;1,8;31,9;22,2;10,3;33,8;70,1;17,9;7,5;7,1;7,9;6,3;8,2;7,2;
Sachsen-Anhalt;069;Magdeburg;5;588,9;292,4;267,2;8,6;496,5;-4,9;-0,4;15,0;7,6;13,5;31,8;17,9;14,1;25,4;74,6;3,5;604,8;70,5;42,6;485,6;1,2;33,8;5,1;3,0;8,1;11,7;9,2;44,5;34,6;58,2;92,9;18940;32705;430,9;0,3;18,2;19,0;24,3;38,1;106,9;22,8;27,0;9,2;9,9;8,4;8,5;9,8;
Sachsen-Anhalt;070;Dessau – Wittenberg;10;2.175,5;205,1;196,0;4,4;94,3;-9,6;-0,1;13,8;4,5;9,1;33,9;22,1;16,6;10,3;89,7;1,1;600,3;79,2;47,6;572,9;1,1;35,7;7,6;2,0;7,9;9,8;10,5;49,6;30,1;60,8;96,1;20089;26920;371,8;2,1;32,2;19,1;14,4;32,2;78,7;23,0;18,1;8,1;9,0;7,1;10,4;8,2;
Sachsen-Anhalt;071;Anhalt;25;2.258,3;257,9;248,7;3,5;114,2;-9,3;1,1;13,9;4,9;9,2;35,3;21,8;14,9;13,4;86,6;1,8;601,5;78,6;47,3;574,8;0,8;32,8;7,1;2,0;7,5;13,0;11,4;49,9;25,7;60,3;93,7;19396;27222;343,1;2,0;34,9;21,0;12,6;29,5;85,3;19,5;10,6;8,4;9,1;7,7;9,4;8,7;
Sachsen-Anhalt;072;Halle;4;414,1;272,1;248,3;8,8;657,2;-2,3;0,7;15,8;8,7;13,5;31,6;17,3;13,1;28,9;71,1;1,6;594,9;69,0;41,1;422,6;1,3;30,1;4,2;2,1;8,6;12,7;11,9;40,8;34,6;50,4;92,0;18170;31474;406,4;0,2;14,1;20,7;25,0;40,0;121,4;28,0;33,3;9,5;10,8;8,0;9,8;8,6;
Sachsen-Anhalt;073;Burgenland – Saalekreis;37;1.712,0;225,7;214,4;5,0;131,8;-8,4;1,0;14,5;4,6;9,5;35,1;21,2;15,1;16,7;83,3;1,6;586,2;78,4;45,9;581,8;0,9;33,0;7,5;1,4;7,9;10,8;10,1;48,5;30,7;59,9;96,1;19845;27229;334,7;1,9;32,6;24,1;12,2;29,1;78,5;20,5;13,6;7,4;7,9;6,8;9,4;7,5;
Sachsen-Anhalt;074;Mansfeld;35;2.306,0;238,5;229,8;3,7;103,4;-8,5;1,3;14,3;4,6;8,8;34,7;22,6;15,0;12,4;87,6;1,2;576,9;81,3;46,9;604,8;1,0;32,9;7,7;1,6;7,6;10,9;12,1;53,3;23,7;60,3;94,0;19744;26956;335,3;2,0;32,3;25,7;11,6;28,4;84,2;22,3;14,3;9,1;9,8;8,3;12,8;8,8;
Sachsen-Anhalt;915;Land insgesamt;218;20.456,5;2194,8;2083,1;5,1;107,3;-7,1;1,1;14,7;5,6;10,4;34,3;20,6;14,4;11,5;88,5;2,0;588,8;78,5;46,2;554,0;0,9;33,1;6,8;2,0;8,1;11,3;10,3;48,8;29,6;58,3;93,9;19528;27872;360,1;1,8;27,8;21,9;15,4;33,0;86,3;22,3;18,8;8,3;9,0;7,4;9,5;8,3;
Berlin;075;Berlin-Mitte;1;39,4;377,4;255,5;32,3;9579,8;1,3;6,3;16,5;7,2;16,7;34,8;14,4;10,3;96,4;3,6;5,2;536,4;72,0;38,6;332,9;2,5;51,0;4,6;2,3;8,2;8,9;14,5;32,1;44,4;44,9;92,0;20972;40105;419,5;0,1;13,2;20,8;32,0;33,9;137,1;27,2;36,0;10,6;11,4;9,7;11,5;9,9;Die Stadt Berlin bildet mehrere Wahlkreise. In den Spalten 1, 7 bis 14 und 17 bis 48 sind die Werte für Berlin insgesamt ausgewiesen.
Berlin;076;Berlin-Pankow;1;96,7;329,8;288,5;12,5;3409,9;1,3;6,3;16,5;7,2;16,7;34,8;14,4;10,3;67,1;32,9;5,2;536,4;72,0;38,6;332,9;2,5;51,0;4,6;2,3;8,2;8,9;14,5;32,1;44,4;44,9;92,0;20972;40105;419,5;0,1;13,2;20,8;32,0;33,9;137,1;27,2;36,0;10,6;11,4;9,7;11,5;9,9;Die Stadt Berlin bildet mehrere Wahlkreise. In den Spalten 1, 7 bis 14 und 17 bis 48 sind die Werte für Berlin insgesamt ausgewiesen.
Berlin;077;Berlin-Reinickendorf;1;89,3;260,2;214,4;17,6;2913,5;1,3;6,3;16,5;7,2;16,7;34,8;14,4;10,3;66,9;33,1;5,2;536,4;72,0;38,6;332,9;2,5;51,0;4,6;2,3;8,2;8,9;14,5;32,1;44,4;44,9;92,0;20972;40105;419,5;0,1;13,2;20,8;32,0;33,9;137,1;27,2;36,0;10,6;11,4;9,7;11,5;9,9;Die Stadt Berlin bildet mehrere Wahlkreise. In den Spalten 1, 7 bis 14 und 17 bis 48 sind die Werte für Berlin insgesamt ausgewiesen.
Berlin;078;Berlin-Spandau – Charlottenburg Nord;1;99,5;272,0;217,3;20,1;2734,2;1,3;6,3;16,5;7,2;16,7;34,8;14,4;10,3;64,0;36,0;5,2;536,4;72,0;38,6;332,9;2,5;51,0;4,6;2,3;8,2;8,9;14,5;32,1;44,4;44,9;92,0;20972;40105;419,5;0,1;13,2;20,8;32,0;33,9;137,1;27,2;36,0;10,6;11,4;9,7;11,5;9,9;Die Stadt Berlin bildet mehrere Wahlkreise. In den Spalten 1, 7 bis 14 und 17 bis 48 sind die Werte für Berlin insgesamt ausgewiesen.
Berlin;079;Berlin-Steglitz-Zehlendorf;1;102,6;293,9;252,7;14,0;2865,8;1,3;6,3;16,5;7,2;16,7;34,8;14,4;10,3;64,7;35,3;5,2;536,4;72,0;38,6;332,9;2,5;51,0;4,6;2,3;8,2;8,9;14,5;32,1;44,4;44,9;92,0;20972;40105;419,5;0,1;13,2;20,8;32,0;33,9;137,1;27,2;36,0;10,6;11,4;9,7;11,5;9,9;Die Stadt Berlin bildet mehrere Wahlkreise. In den Spalten 1, 7 bis 14 und 17 bis 48 sind die Werte für Berlin insgesamt ausgewiesen.
Berlin;080;Berlin-Charlottenburg-Wilmersdorf;1;57,1;286,1;217,5;24,0;5011,3;1,3;6,3;16,5;7,2;16,7;34,8;14,4;10,3;70,3;29,7;5,2;536,4;72,0;38,6;332,9;2,5;51,0;4,6;2,3;8,2;8,9;14,5;32,1;44,4;44,9;92,0;20972;40105;419,5;0,1;13,2;20,8;32,0;33,9;137,1;27,2;36,0;10,6;11,4;9,7;11,5;9,9;Die Stadt Berlin bildet mehrere Wahlkreise. In den Spalten 1, 7 bis 14 und 17 bis 48 sind die Werte für Berlin insgesamt ausgewiesen.
Berlin;081;Berlin-Tempelhof-Schöneberg;1;53,1;343,6;277,5;19,2;6476,2;1,3;6,3;16,5;7,2;16,7;34,8;14,4;10,3;97,2;2,8;5,2;536,4;72,0;38,6;332,9;2,5;51,0;4,6;2,3;8,2;8,9;14,5;32,1;44,4;44,9;92,0;20972;40105;419,5;0,1;13,2;20,8;32,0;33,9;137,1;27,2;36,0;10,6;11,4;9,7;11,5;9,9;Die Stadt Berlin bildet mehrere Wahlkreise. In den Spalten 1, 7 bis 14 und 17 bis 48 sind die Werte für Berlin insgesamt ausgewiesen.
Berlin;082;Berlin-Neukölln;1;44,9;321,1;243,3;24,2;7146,3;1,3;6,3;16,5;7,2;16,7;34,8;14,4;10,3;97,2;2,8;5,2;536,4;72,0;38,6;332,9;2,5;51,0;4,6;2,3;8,2;8,9;14,5;32,1;44,4;44,9;92,0;20972;40105;419,5;0,1;13,2;20,8;32,0;33,9;137,1;27,2;36,0;10,6;11,4;9,7;11,5;9,9;Die Stadt Berlin bildet mehrere Wahlkreise. In den Spalten 1, 7 bis 14 und 17 bis 48 sind die Werte für Berlin insgesamt ausgewiesen.
Berlin;083;Berlin-Friedrichshain-Kreuzberg – Prenzlauer Berg Ost;1;26,9;354,0;267,7;24,4;13153,3;1,3;6,3;16,5;7,2;16,7;34,8;14,4;10,3;87,1;12,9;5,2;536,4;72,0;38,6;332,9;2,5;51,0;4,6;2,3;8,2;8,9;14,5;32,1;44,4;44,9;92,0;20972;40105;419,5;0,1;13,2;20,8;32,0;33,9;137,1;27,2;36,0;10,6;11,4;9,7;11,5;9,9;Die Stadt Berlin bildet mehrere Wahlkreise. In den Spalten 1, 7 bis 14 und 17 bis 48 sind die Werte für Berlin insgesamt ausgewiesen.
Berlin;084;Berlin-Treptow-Köpenick;1;167,7;271,1;245,2;9,5;1616,1;1,3;6,3;16,5;7,2;16,7;34,8;14,4;10,3;44,7;55,3;5,2;536,4;72,0;38,6;332,9;2,5;51,0;4,6;2,3;8,2;8,9;14,5;32,1;44,4;44,9;92,0;20972;40105;419,5;0,1;13,2;20,8;32,0;33,9;137,1;27,2;36,0;10,6;11,4;9,7;11,5;9,9;Die Stadt Berlin bildet mehrere Wahlkreise. In den Spalten 1, 7 bis 14 und 17 bis 48 sind die Werte für Berlin insgesamt ausgewiesen.
Berlin;085;Berlin-Marzahn-Hellersdorf;1;61,8;270,2;241,4;10,7;4371,3;1,3;6,3;16,5;7,2;16,7;34,8;14,4;10,3;94,2;5,8;5,2;536,4;72,0;38,6;332,9;2,5;51,0;4,6;2,3;8,2;8,9;14,5;32,1;44,4;44,9;92,0;20972;40105;419,5;0,1;13,2;20,8;32,0;33,9;137,1;27,2;36,0;10,6;11,4;9,7;11,5;9,9;Die Stadt Berlin bildet mehrere Wahlkreise. In den Spalten 1, 7 bis 14 und 17 bis 48 sind die Werte für Berlin insgesamt ausgewiesen.
Berlin;086;Berlin-Lichtenberg;1;52,1;290,1;242,3;16,5;5566,2;1,3;6,3;16,5;7,2;16,7;34,8;14,4;10,3;85,0;15,0;5,2;536,4;72,0;38,6;332,9;2,5;51,0;4,6;2,3;8,2;8,9;14,5;32,1;44,4;44,9;92,0;20972;40105;419,5;0,1;13,2;20,8;32,0;33,9;137,1;27,2;36,0;10,6;11,4;9,7;11,5;9,9;Die Stadt Berlin bildet mehrere Wahlkreise. In den Spalten 1, 7 bis 14 und 17 bis 48 sind die Werte für Berlin insgesamt ausgewiesen.
Berlin;911;Land insgesamt;1;891,1;3669,5;2963,4;19,2;4117,8;1,3;6,3;16,5;7,2;16,7;34,8;14,4;10,3;70,6;29,4;5,2;536,4;72,0;38,6;332,9;2,5;51,0;4,6;2,3;8,2;8,9;14,5;32,1;44,4;44,9;92,0;20972;40105;419,5;0,1;13,2;20,8;32,0;33,9;137,1;27,2;36,0;10,6;11,4;9,7;11,5;9,9;
Nordrhein-Westfalen;087;Aachen I;1;160,9;249,0;201,8;18,9;1547,8;-0,7;6,8;13,8;15,1;18,8;28,5;14,0;9,8;39,9;60,1;4,0;553,7;73,6;40,8;528,2;1,5;41,6;6,7;3,0;9,6;6,2;17,9;31,8;44,0;33,0;95,6;20504;37631;391,0;0,2;22,2;19,7;22,6;35,3;91,6;25,7;36,2;8,2;8,5;7,8;5,4;9,0;Die Werte in den Spalten 21 bis 48 gelten für die komplette Städteregion Aachen, daher sind in den Wahlkreisen 87 und 88 die gleichen Werte ausgewiesen.
Nordrhein-Westfalen;088;Aachen II;9;546,1;308,1;270,5;12,2;564,2;-2,7;1,9;16,9;7,5;11,3;35,0;18,0;11,4;24,9;75,1;2,8;487,1;91,9;44,7;528,2;1,5;41,6;6,7;3,0;9,6;6,2;17,9;31,8;44,0;33,0;95,6;20504;37631;391,0;0,2;22,2;19,7;22,6;35,3;91,6;25,7;36,2;8,2;8,5;7,8;5,4;9,0;Die Werte in den Spalten 21 bis 48 gelten für die komplette Städteregion Aachen, daher sind in den Wahlkreisen 87 und 88 die gleichen Werte ausgewiesen.
Nordrhein-Westfalen;089;Heinsberg;10;627,9;255,6;225,0;11,9;407,0;-2,4;7,1;16,9;7,4;11,5;35,7;18,0;10,6;25,3;74,7;5,8;477,4;103,5;49,4;630,9;1,1;39,7;7,9;2,6;10,8;4,3;20,0;39,0;36,7;26,0;91,2;20631;25720;289,9;0,9;29,4;24,0;14,3;31,5;61,7;27,4;26,7;6,0;6,3;5,6;5,7;6,2;
Nordrhein-Westfalen;090;Düren;15;941,5;264,6;235,0;11,2;281,1;-2,8;5,3;16,8;7,8;12,0;34,6;18,1;10,7;21,8;78,2;3,4;478,1;99,0;47,3;613,3;1,1;36,4;7,3;2,6;10,2;6,0;18,1;35,8;40,0;28,0;91,3;21194;29629;324,1;0,9;30,1;17,1;22,9;29,1;82,9;28,1;32,0;7,3;7,6;6,9;7,2;6,3;
Nordrhein-Westfalen;091;Rhein-Erft-Kreis I;7;525,3;340,1;296,4;12,9;647,5;-1,0;2,0;17,6;7,4;11,4;35,8;17,2;10,6;33,7;66,3;3,4;472,9;95,6;45,2;596,4;1,3;39,1;6,0;2,2;10,2;4,7;12,9;42,5;39,8;29,9;91,8;22675;34641;309,3;0,7;25,4;30,4;18,6;24,9;72,4;28,9;38,4;7,4;7,5;7,2;6,4;7,9;
Nordrhein-Westfalen;092;Euskirchen – Rhein-Erft-Kreis II;14;1.428,1;324,1;292,6;9,7;227,0;-2,9;5,7;16,7;7,2;11,0;35,5;18,1;11,5;15,8;84,2;5,5;482,1;100,3;48,3;642,4;1,3;39,7;7,4;2,2;10,9;5,9;13,2;40,8;40,1;27,4;92,5;22190;30595;302,7;0,8;26,6;27,5;14,9;30,1;62,6;29,0;34,1;6,7;7,0;6,4;5,7;7,3;
Nordrhein-Westfalen;093;Köln I;1;128,3;297,6;229,6;22,8;2318,6;1,4;0,4;16,1;8,5;17,1;35,5;13,6;9,2;61,1;38,9;2,1;517,7;74,5;38,6;451,2;2,2;53,0;5,1;2,9;9,1;6,0;15,7;35,2;43,1;33,0;93,6;22402;59588;532,8;0,0;14,0;22,3;37,0;26,7;112,6;26,9;42,3;9,8;10,5;9,1;7,1;10,8;Die Stadt Köln bildet mehrere Wahlkreise. In den Spalten 1 und 7 bis 48 sind die Werte für Köln insgesamt ausgewiesen.
Nordrhein-Westfalen;094;Köln II;1;101,5;330,8;282,6;14,6;3258,2;1,4;0,4;16,1;8,5;17,1;35,5;13,6;9,2;61,1;38,9;2,1;517,7;74,5;38,6;451,2;2,2;53,0;5,1;2,9;9,1;6,0;15,7;35,2;43,1;33,0;93,6;22402;59588;532,8;0,0;14,0;22,3;37,0;26,7;112,6;26,9;42,3;9,8;10,5;9,1;7,1;10,8;Die Stadt Köln bildet mehrere Wahlkreise. In den Spalten 1 und 7 bis 48 sind die Werte für Köln insgesamt ausgewiesen.
Nordrhein-Westfalen;095;Köln III;1;122,9;309,7;248,1;19,9;2519,6;1,4;0,4;16,1;8,5;17,1;35,5;13,6;9,2;61,1;38,9;2,1;517,7;74,5;38,6;451,2;2,2;53,0;5,1;2,9;9,1;6,0;15,7;35,2;43,1;33,0;93,6;22402;59588;532,8;0,0;14,0;22,3;37,0;26,7;112,6;26,9;42,3;9,8;10,5;9,1;7,1;10,8;Die Stadt Köln bildet mehrere Wahlkreise. In den Spalten 1 und 7 bis 48 sind die Werte für Köln insgesamt ausgewiesen.
Nordrhein-Westfalen;096;Bonn;1;141,1;329,7;273,0;17,2;2337,1;1,1;5,9;17,3;10,0;15,7;33,2;13,9;9,8;51,2;48,8;4,0;528,0;79,8;42,2;531,6;2,1;44,2;4,3;3,6;12,1;3,9;13,4;31,7;51,0;33,7;93,1;23471;80289;545,7;0,1;7,3;15,3;31,8;45,6;95,9;30,4;41,1;8,1;8,9;7,2;5,2;8,8;
Nordrhein-Westfalen;097;Rhein-Sieg-Kreis I;10;660,7;314,9;281,9;10,5;476,6;-1,4;3,5;17,7;7,5;11,3;35,8;17,1;10,7;23,6;76,4;3,5;470,1;100,0;47,0;611,1;1,4;40,9;6,7;1,6;9,6;4,5;15,5;36,3;43,7;30,0;90,1;24038;28026;273,1;1,0;25,9;24,9;17,7;30,5;60,0;28,8;37,6;5,9;6,5;5,4;5,2;6,3;Die Werte in den Spalten 21 bis 48 gelten für den kompletten Rhein-Sieg-Kreis, daher sind in den Wahlkreisen 97 und 98 die gleichen Werte ausgewiesen.
Nordrhein-Westfalen;098;Rhein-Sieg-Kreis II;9;492,5;285,9;256,8;10,2;580,4;-1,9;3,0;17,4;7,4;10,6;35,0;17,5;12,1;25,7;74,3;2,8;473,7;103,0;48,8;611,1;1,4;40,9;6,7;1,6;9,6;4,5;15,5;36,3;43,7;30,0;90,1;24038;28026;273,1;1,0;25,9;24,9;17,7;30,5;60,0;28,8;37,6;5,9;6,5;5,4;5,2;6,3;Die Werte in den Spalten 21 bis 48 gelten für den kompletten Rhein-Sieg-Kreis, daher sind in den Wahlkreisen 97 und 98 die gleichen Werte ausgewiesen.
Nordrhein-Westfalen;099;Oberbergischer Kreis;13;918,8;272,1;245,3;9,8;296,1;-3,1;1,6;17,5;7,7;11,2;34,8;17,3;11,4;20,1;79,9;2,5;481,5;98,5;47,4;653,1;1,1;39,9;7,1;2,5;12,9;4,7;15,8;42,1;37,4;22,9;88,5;23194;36181;383,3;0,4;40,8;17,2;17,4;24,1;53,3;26,2;34,9;6,1;6,6;5,5;5,7;6,9;
Nordrhein-Westfalen;100;Rheinisch-Bergischer Kreis;8;437,3;283,3;256,2;9,5;647,7;-3,2;2,6;16,8;6,8;10,0;35,8;17,6;13,0;25,5;74,5;3,6;496,8;98,6;49,0;637,9;1,7;47,5;7,9;2,1;9,9;5,0;11,2;38,5;45,2;33,3;89,3;26493;27168;265,4;0,4;25,5;22,1;18,4;33,5;62,3;27,5;37,4;6,5;7,0;5,9;5,7;7,2;
Nordrhein-Westfalen;101;Leverkusen – Köln IV;1;131,1;313,5;253,3;19,2;2391,6;-0,1;0,8;16,7;7,8;14,5;35,4;14,8;10,8;59,6;40,4;1,6;509,7;78,4;40,0;506,5;2,0;41,8;5,1;3,4;10,5;5,4;16,3;35,5;42,9;29,3;92,8;22064;55339;459,4;0,1;23,1;20,7;29,0;27,1;109,0;28,7;42,2;9,2;9,7;8,5;7,1;9,3;Spalte 1: Ohne den Kölner Stadtbezirk Mülheim.
Nordrhein-Westfalen;102;Wuppertal I;1;130,8;313,0;245,0;21,7;2392,9;-2,2;4,3;17,3;8,3;13,5;33,7;16,0;11,3;50,2;49,8;1,0;542,5;77,8;42,2;490,8;1,6;38,7;6,3;3,7;10,5;6,9;17,3;36,3;39,5;20,0;84,0;21480;36429;355,8;0,0;25,3;20,9;21,7;32,1;142,2;29,8;46,5;10,3;11,0;9,5;10,0;8,8;
Nordrhein-Westfalen;103;Solingen – Remscheid – Wuppertal II;2;201,7;312,7;261,3;16,4;1550,7;-2,9;3,5;17,0;7,5;12,2;34,9;16,5;11,9;46,9;53,1;1,5;528,3;80,8;42,7;571,0;1,5;41,6;7,3;2,7;10,5;6,9;15,4;37,2;40,4;26,2;87,2;22701;33974;363,7;0,1;37,1;18,9;16,3;27,6;102,1;29,0;43,0;8,4;8,9;7,8;8,3;7,9;Spalte 1: Ohne den im Wahlkreis 103 enthaltenen Teil der Stadt Wuppertal.
Nordrhein-Westfalen;104;Mettmann I;6;183,8;268,9;237,4;11,7;1463,2;-2,9;2,3;16,7;6,6;10,5;35,0;17,7;13,5;45,4;54,6;3,3;507,5;88,5;44,9;611,8;1,8;44,9;6,7;2,3;9,7;4,9;14,0;40,3;40,8;30,9;91,4;25684;40547;399,7;0,2;29,1;28,5;20,7;21,5;79,5;29,6;40,1;7,2;7,7;6,6;5,8;7,8;Die Werte in den Spalten 21 bis 48 gelten für den kompletten Kreis Mettmann, daher sind in den Wahlkreisen 104 und 105 die gleichen Werte ausgewiesen.
Nordrhein-Westfalen;105;Mettmann II;4;223,4;216,7;187,1;13,6;969,7;-4,0;4,1;16,8;6,9;10,4;35,3;17,5;13,1;36,2;63,8;1,5;512,1;87,4;44,8;611,8;1,8;44,9;6,7;2,3;9,7;4,9;14,0;40,3;40,8;30,9;91,4;25684;40547;399,7;0,2;29,1;28,5;20,7;21,5;79,5;29,6;40,1;7,2;7,7;6,6;5,8;7,8;Die Werte in den Spalten 21 bis 48 gelten für den kompletten Kreis Mettmann, daher sind in den Wahlkreisen 104 und 105 die gleichen Werte ausgewiesen.
Nordrhein-Westfalen;106;Düsseldorf I;1;129,6;331,8;263,7;20,5;2559,6;0,2;3,1;16,1;7,1;16,4;35,5;14,4;10,5;61,2;38,8;3,7;558,5;73,8;41,2;505,4;2,3;62,3;6,2;3,2;8,7;5,5;16,3;35,3;42,9;37,9;95,8;26087;81563;690,7;0,1;11,9;22,5;40,7;24,9;94,3;27,1;43,9;8,4;9,1;7,8;6,6;9,8;Die Stadt Düsseldorf bildet mehrere Wahlkreise. In den Spalten 1 und 7 bis 48 sind die Werte für Düsseldorf insgesamt ausgewiesen.
Nordrhein-Westfalen;107;Düsseldorf II;1;87,8;290,1;229,3;20,9;3304,5;0,2;3,1;16,1;7,1;16,4;35,5;14,4;10,5;61,2;38,8;3,7;558,5;73,8;41,2;505,4;2,3;62,3;6,2;3,2;8,7;5,5;16,3;35,3;42,9;37,9;95,8;26087;81563;690,7;0,1;11,9;22,5;40,7;24,9;94,3;27,1;43,9;8,4;9,1;7,8;6,6;9,8;Die Stadt Düsseldorf bildet mehrere Wahlkreise. In den Spalten 1 und 7 bis 48 sind die Werte für Düsseldorf insgesamt ausgewiesen.
Nordrhein-Westfalen;108;Neuss I;4;347,5;295,3;255,5;13,5;849,7;-1,9;2,4;17,5;7,2;11,5;35,8;16,9;11,1;35,3;64,7;3,0;480,9;90,3;43,4;608,4;1,5;41,6;6,3;1,8;10,2;3,9;11,6;36,1;48,3;31,3;95,3;25324;39371;332,5;0,8;27,7;30,0;17,0;24,5;68,8;28,5;37,7;6,2;6,5;5,9;4,8;6,2;
Nordrhein-Westfalen;109;Mönchengladbach;1;170,5;261,0;217,7;16,6;1531,3;-2,7;1,2;16,7;7,8;13,3;34,2;17,2;10,8;50,4;49,6;2,3;528,9;82,8;43,8;533,1;1,2;39,5;7,0;4,5;10,8;8,9;17,4;33,3;40,5;19,0;81,1;20841;33785;386,4;0,2;21,5;27,6;20,6;30,1;140,0;29,5;36,2;10,9;11,3;10,5;11,3;9,8;
Nordrhein-Westfalen;110;Krefeld I – Neuss II;5;301,5;271,5;237,0;12,7;900,6;-3,2;5,1;16,8;6,7;10,8;35,6;17,7;12,4;43,5;56,5;2,1;505,2;92,3;46,6;573,3;1,4;41,5;6,4;2,6;10,3;5,5;14,4;35,2;44,8;29,5;93,2;23742;39889;368,8;0,6;29,2;27,1;16,9;26,1;92,1;27,0;38,0;8,5;8,9;8,1;6,3;8,2;
Nordrhein-Westfalen;111;Viersen;9;563,3;298,9;268,3;10,2;530,6;-3,4;3,1;16,2;7,0;10,8;36,2;18,1;11,7;26,3;73,7;2,2;482,9;96,1;46,4;632,7;1,0;45,4;8,1;1,9;10,4;5,0;14,7;35,7;44,6;29,6;95,2;23204;28457;315,3;2,1;28,1;27,1;15,4;27,3;59,5;26,4;29,2;6,3;6,8;5,9;4,7;7,2;
Nordrhein-Westfalen;112;Kleve;16;1.233,0;312,5;264,6;15,3;253,4;-2,6;7,7;16,6;7,9;12,2;35,3;17,7;10,3;17,6;82,4;4,5;471,6;101,0;47,7;620,5;1,0;40,7;7,2;2,5;9,1;6,7;15,7;45,7;31,9;29,6;96,0;20716;30752;332,5;4,8;24,5;24,7;14,6;31,5;52,5;24,2;32,8;5,8;5,9;5,6;4,6;6,2;
Nordrhein-Westfalen;113;Wesel I;10;884,0;261,5;241,0;7,9;295,8;-3,7;3,7;16,0;6,8;10,9;35,2;19,2;12,0;18,7;81,3;4,0;476,3;96,2;45,8;624,2;1,1;36,4;6,1;3,2;10,2;5,6;17,5;35,9;41,1;26,5;91,4;22230;28520;302,9;0,7;26,4;26,0;15,0;31,9;72,9;26,6;32,8;6,9;7,3;6,5;6,2;6,6;
Nordrhein-Westfalen;114;Krefeld II – Wesel II;2;176,4;243,5;208,7;14,3;1380,1;-3,3;5,3;16,2;7,0;11,9;34,5;18,2;12,1;49,0;51,0;1,7;513,3;84,4;43,3;578,6;1,2;38,7;6,2;3,5;10,3;6,6;17,8;35,0;40,6;26,8;90,8;21935;34084;356,2;0,6;28,8;24,9;16,0;29,7;96,3;26,1;36,0;9,1;9,6;8,6;7,1;8,6;Spalte 1: Ohne den im Wahlkreis 114 enthaltenen Teil der Stadt Krefeld.
Nordrhein-Westfalen;115;Duisburg I;1;119,1;245,6;197,9;19,4;2062,4;-1,9;2,2;17,2;8,2;13,7;34,0;16,0;11,0;60,9;39,1;1,3;517,2;73,7;38,1;466,8;1,1;28,4;4,3;2,9;9,7;9,8;17,8;35,9;36,5;17,6;80,6;17126;36475;350,2;0,1;25,8;24,3;21,6;28,3;150,0;29,4;44,6;12,8;12,6;13,0;9,2;11,6;Die Stadt Duisburg bildet mehrere Wahlkreise. In den Spalten 1 und 7 bis 48 sind die Werte für Duisburg insgesamt ausgewiesen.
Nordrhein-Westfalen;116;Duisburg II;1;113,7;253,1;194,1;23,3;2225,6;-1,9;2,2;17,2;8,2;13,7;34,0;16,0;11,0;60,9;39,1;1,3;517,2;73,7;38,1;466,8;1,1;28,4;4,3;2,9;9,7;9,8;17,8;35,9;36,5;17,6;80,6;17126;36475;350,2;0,1;25,8;24,3;21,6;28,3;150,0;29,4;44,6;12,8;12,6;13,0;9,2;11,6;Die Stadt Duisburg bildet mehrere Wahlkreise. In den Spalten 1 und 7 bis 48 sind die Werte für Duisburg insgesamt ausgewiesen.
Nordrhein-Westfalen;117;Oberhausen – Wesel III;2;124,8;278,1;239,0;14,1;2229,6;-3,8;3,1;15,9;7,1;12,5;34,6;18,4;11,6;63,7;36,3;1,6;520,8;79,3;41,3;553,2;1,0;32,7;5,7;2,6;9,7;6,9;17,5;34,0;41,6;22,7;83,5;19569;27512;312,7;0,2;25,4;24,7;19,9;29,8;119,7;27,1;35,9;10,0;10,4;9,5;7,6;9,2;
Nordrhein-Westfalen;118;Mülheim – Essen I;1;115,8;253,2;216,5;14,5;2186,4;-3,4;2,2;16,3;7,2;12,7;33,8;17,3;12,6;58,0;42,0;2,1;536,7;80,3;43,1;536,5;1,5;38,9;5,2;2,8;9,6;7,4;12,2;36,2;44,3;31,3;88,3;22330;37802;373,6;0,1;23,9;21,5;26,2;28,2;131,1;30,3;44,8;9,8;10,3;9,3;6,9;9,8;Spalte 1: Ohne den im Wahlkreis 118 enthaltenen Teil der Stadt Essen.
Nordrhein-Westfalen;119;Essen II;1;67,7;246,6;192,7;21,8;3642,6;-1,8;0,4;16,3;7,7;14,3;33,4;16,6;11,7;66,7;33,3;1,8;541,6;75,1;40,7;501,1;1,6;37,7;4,9;3,4;9,3;8,0;13,5;35,6;42,9;29,6;87,3;20626;43365;436,1;0,1;17,5;20,9;30,2;31,4;151,8;29,1;40,4;11,5;12,0;10,9;10,3;9,2;Die Stadt Essen bildet mehrere Wahlkreise. In den Spalten 1 und 7 bis 48 sind die Werte für Essen insgesamt ausgewiesen.
Nordrhein-Westfalen;120;Essen III;1;118,1;253,6;222,1;12,4;2147,1;-1,9;0,4;16,3;7,7;14,3;33,4;16,6;11,7;66,7;33,3;1,8;541,6;75,1;40,7;501,1;1,6;37,7;4,9;3,4;9,3;8,0;13,5;35,6;42,9;29,6;87,3;20626;43365;436,1;0,1;17,5;20,9;30,2;31,4;151,8;29,1;40,4;11,5;12,0;10,9;10,3;9,2;Die Stadt Essen bildet mehrere Wahlkreise. In den Spalten 1 und 7 bis 48 sind die Werte für Essen insgesamt ausgewiesen.
Nordrhein-Westfalen;121;Recklinghausen I;3;165,3;214,1;190,1;11,2;1295,3;-4,7;-0,2;16,0;7,0;11,2;34,9;19,3;11,7;46,9;53,1;2,5;545,6;82,6;45,0;577,9;1,2;31,4;5,3;3,8;10,3;6,1;15,4;43,6;35,0;26,7;89,8;20426;25763;279,1;0,5;25,2;23,1;14,2;37,1;117,0;27,7;34,5;9,2;9,7;8,6;7,3;9,0;Die Werte in den Spalten 21 bis 48 gelten für den kompletten Kreis Recklinghausen, daher sind in den Wahlkreisen 121 und 122 die gleichen Werte ausgewiesen.
Nordrhein-Westfalen;122;Recklinghausen II;5;388,9;249,8;220,4;11,7;642,2;-4,5;4,3;16,0;7,2;11,0;35,0;18,8;12,0;29,5;70,5;2,0;509,9;85,9;43,8;577,9;1,2;31,4;5,3;3,8;10,3;6,1;15,4;43,6;35,0;26,7;89,8;20426;25763;279,1;0,5;25,2;23,1;14,2;37,1;117,0;27,7;34,5;9,2;9,7;8,6;7,3;9,0;Die Werte in den Spalten 21 bis 48 gelten für den kompletten Kreis Recklinghausen, daher sind in den Wahlkreisen 121 und 122 die gleichen Werte ausgewiesen.
Nordrhein-Westfalen;123;Gelsenkirchen;1;104,9;259,6;206,2;20,6;2474,2;-3,1;-0,9;17,9;8,0;12,9;33,7;16,9;10,6;72,2;27,8;0,4;536,4;72,6;38,9;473,8;1,2;27,7;4,4;3,4;10,7;10,1;23,9;33,9;32,1;18,3;83,5;16450;30249;315,4;0,1;21,7;20,8;22,5;34,9;201,8;30,2;44,9;15,8;16,1;15,5;13,4;13,1;
Nordrhein-Westfalen;124;Steinfurt I – Borken I;12;978,0;275,8;243,0;11,9;282,0;0,3;3,0;18,6;8,5;12,2;35,1;15,8;9,9;18,5;81,5;4,6;448,3;103,5;46,4;609,2;1,0;39,4;7,3;4,4;11,6;4,9;16,7;46,2;32,2;35,8;97,1;22414;34403;379,8;1,1;36,2;24,3;13,0;25,4;44,3;28,3;37,6;4,3;4,4;4,3;3,7;4,8;
Nordrhein-Westfalen;125;Bottrop – Recklinghausen III;3;307,8;267,9;237,4;11,4;870,4;-3,2;3,4;16,5;7,3;11,4;34,6;18,7;11,5;34,0;66,0;2,0;505,0;84,5;42,7;581,3;1,1;31,1;5,4;3,0;9,9;5,5;13,8;43,3;37,4;25,2;89,8;20349;24440;276,7;0,5;24,0;23,5;14,5;37,4;109,8;27,7;35,2;9,0;9,6;8,3;7,5;8,3;
Nordrhein-Westfalen;126;Borken II;12;996,4;260,8;241,3;7,5;261,7;-0,3;1,3;17,9;7,7;11,9;35,6;16,7;10,2;17,2;82,8;4,8;448,7;103,4;46,4;606,8;0,9;43,8;8,6;4,0;11,6;5,0;17,2;48,7;29,0;33,9;98,2;22433;37294;403,8;1,2;40,7;21,2;13,0;23,8;40,6;27,1;36,6;4,0;4,0;4,0;3,2;5,0;
Nordrhein-Westfalen;127;Coesfeld – Steinfurt II;14;1.261,9;247,3;230,8;6,7;196,0;-1,1;4,1;17,6;7,6;10,7;35,7;17,8;10,6;13,8;86,2;4,1;448,8;105,7;47,5;633,3;1,2;40,5;7,4;3,7;12,1;5,0;15,9;42,3;36,8;39,6;97,2;23719;28950;328,3;1,9;29,9;24,1;13,7;30,4;37,9;28,6;38,3;3,4;3,6;3,1;3,0;3,9;
Nordrhein-Westfalen;128;Steinfurt III;14;1.092,5;256,3;233,1;9,0;234,6;-0,8;1,6;17,9;7,9;11,4;35,6;16,7;10,4;18,0;82,0;3,8;446,4;104,8;46,8;610,8;1,0;36,4;6,5;4,6;11,6;4,8;16,4;44,5;34,4;37,2;96,3;22402;32470;363,7;1,0;32,9;26,6;13,0;26,6;46,8;29,0;38,1;4,5;4,6;4,4;4,1;4,8;
Nordrhein-Westfalen;129;Münster;1;303,3;315,3;281,4;10,8;1039,6;1,3;1,2;15,0;12,4;17,9;31,8;13,6;9,4;33,1;66,9;5,5;531,1;81,7;43,4;467,3;1,7;41,9;4,7;4,9;10,0;6,3;12,3;30,1;51,4;38,5;95,4;22954;55003;554,3;0,4;12,6;18,6;29,0;39,4;66,4;28,2;36,0;5,3;5,9;4,6;3,3;6,0;
Nordrhein-Westfalen;130;Warendorf;13;1.319,4;277,8;248,3;10,6;210,6;-1,8;2,2;17,7;7,7;11,0;35,2;17,3;11,1;14,8;85,2;3,7;462,8;101,4;46,9;621,1;1,0;37,2;7,1;2,8;12,7;4,2;21,7;39,3;34,8;33,4;94,3;23839;31221;337,2;1,5;39,8;19,1;13,6;26,0;54,3;29,1;42,2;5,1;5,2;5,0;4,3;5,6;
Nordrhein-Westfalen;131;Gütersloh I;11;866,3;326,9;281,2;14,0;377,4;0,1;2,7;18,0;8,0;12,1;35,7;15,8;10,5;21,7;78,3;4,5;457,3;99,2;45,4;628,0;1,1;41,1;7,0;2,5;11,3;5,0;17,3;38,6;39,1;27,9;90,5;25242;48500;499,5;0,7;47,9;19,7;15,0;16,8;48,8;28,8;43,4;4,6;4,6;4,6;3,9;4,8;
Nordrhein-Westfalen;132;Bielefeld – Gütersloh II;2;294,3;345,3;294,0;14,9;1173,6;-0,2;2,0;17,2;9,2;14,3;33,1;15,1;11,1;40,5;59,5;2,6;515,4;82,0;42,3;519,4;1,7;39,0;5,4;3,7;12,4;6,6;12,0;42,1;39,2;28,6;93,3;23108;41258;476,3;0,2;22,1;22,5;20,8;34,4;108,4;28,1;46,4;8,9;9,3;8,4;7,0;9,1;
Nordrhein-Westfalen;133;Herford – Minden-Lübbecke II;10;515,2;299,2;270,0;9,8;580,7;-3,1;1,9;17,0;7,4;11,2;34,9;17,2;12,2;32,3;67,7;2,0;493,3;96,6;47,7;648,6;1,1;40,4;6,6;3,7;12,0;4,6;13,3;44,6;37,5;29,6;90,2;22784;35138;383,9;0,5;39,7;22,3;12,4;25,2;65,7;29,3;37,2;6,1;6,5;5,6;6,0;6,4;
Nordrhein-Westfalen;134;Minden-Lübbecke I;10;1.087,6;261,8;241,5;7,7;240,7;-2,4;1,5;17,7;7,7;11,3;34,0;17,5;11,8;19,6;80,4;2,5;471,7;103,2;48,7;651,7;1,1;38,6;6,3;2,9;12,8;6,7;15,2;40,5;37,6;27,0;87,4;23052;41627;417,4;0,5;34,3;20,2;14,5;30,6;71,8;28,8;37,3;5,9;6,4;5,3;6,3;5,3;
Nordrhein-Westfalen;135;Lippe I;11;889,2;293,2;267,6;8,7;329,8;-3,0;0,3;17,8;7,6;11,2;33,3;17,6;12,4;19,3;80,7;2,2;505,5;93,9;47,4;622,9;1,0;37,8;6,2;3,2;11,4;5,2;18,8;40,5;35,6;27,9;86,8;22592;30573;331,3;0,8;36,5;19,1;12,2;31,4;72,9;28,5;37,0;6,4;6,8;5,9;5,9;6,1;
Nordrhein-Westfalen;136;Höxter – Gütersloh III – Lippe II;16;1.625,9;221,4;206,3;6,8;136,2;-3,4;1,6;17,3;7,6;10,9;34,4;17,9;11,8;12,2;87,8;1,9;481,2;103,2;49,7;632,4;0,8;38,3;7,1;4,0;12,0;5,8;14,1;43,6;36,5;27,1;88,7;22548;31378;343,5;1,0;37,2;21,3;11,5;29,1;51,5;26,8;33,1;4,9;5,3;4,4;4,5;5,5;
Nordrhein-Westfalen;137;Paderborn;10;1.246,8;307,8;278,9;9,4;246,9;0,7;2,9;17,6;9,4;14,1;33,8;15,8;9,3;16,0;84,0;3,7;472,2;97,5;46,1;592,9;1,3;40,3;6,5;3,3;11,5;5,7;18,5;39,8;36,1;31,9;94,8;21601;35962;388,6;0,8;30,5;20,3;18,8;29,6;65,2;26,8;35,1;5,9;6,1;5,5;4,5;6,9;
Nordrhein-Westfalen;138;Hagen – Ennepe-Ruhr-Kreis I;5;324,1;287,0;238,5;16,9;885,4;-4,0;3,0;17,0;7,5;11,9;33,9;17,4;12,2;29,3;70,7;1,0;542,5;80,5;43,7;554,0;1,3;35,3;5,4;3,7;10,7;5,9;17,0;37,5;39,5;23,1;88,3;21541;33334;359,5;0,1;29,7;23,3;14,9;32,0;122,4;29,5;46,7;10,5;11,1;9,8;8,9;9,5;
Nordrhein-Westfalen;139;Ennepe-Ruhr-Kreis II;5;245,9;225,8;203,5;9,9;918,0;-4,5;3,3;15,2;7,0;11,4;34,9;18,7;12,8;33,5;66,5;1,3;533,8;84,6;45,2;613,4;1,3;39,2;5,9;2,3;9,6;4,9;13,1;40,0;42,0;29,1;91,0;24441;30469;333,8;0,2;35,8;21,1;12,6;30,2;79,3;27,9;38,2;7,1;7,8;6,4;6,2;6,8;
Nordrhein-Westfalen;140;Bochum I;1;103,3;277,7;238,9;13,9;2687,7;-3,4;5,4;14,7;8,8;14,7;32,8;17,2;11,7;69,8;30,2;1,0;544,9;75,8;41,3;556,2;1,3;35,0;4,7;3,2;9,9;7,8;17,0;35,7;39,4;30,0;89,7;20048;33171;375,8;0,0;17,3;22,7;22,0;37,9;120,1;27,0;41,0;9,8;10,6;8,9;6,9;10,4;
Nordrhein-Westfalen;141;Herne – Bochum II;1;93,8;244,4;206,3;15,6;2606,1;-4,1;5,1;15,7;8,3;13,3;33,8;17,2;11,6;72,4;27,6;1,3;538,9;75,2;40,5;517,9;1,2;30,3;4,5;3,6;10,5;8,4;17,3;37,8;36,5;25,4;87,4;18665;26777;328,2;0,0;21,2;22,6;17,8;38,5;139,6;27,3;43,9;11,3;12,0;10,4;9,6;10,1;Spalte 1: Ohne den im Wahlkreis 141 enthaltenen Teil der Stadt Bochum.
Nordrhein-Westfalen;142;Dortmund I;1;126,3;283,4;241,7;14,7;2243,7;-1,7;2,5;16,4;8,5;14,4;33,8;16,0;10,9;59,8;40,2;2,3;541,0;76,0;41,1;495,0;1,4;35,0;4,1;3,9;9,7;8,2;15,8;38,9;37,0;30,6;89,8;19318;38469;419,6;0,1;17,6;23,7;26,7;32,0;147,5;28,3;42,1;12,1;12,6;11,6;10,1;10,7;Die Stadt Dortmund bildet mehrere Wahlkreise. In den Spalten 1 und 7 bis 48 sind die Werte für Dortmund insgesamt ausgewiesen.
Nordrhein-Westfalen;143;Dortmund II;1;154,4;304,8;239,8;21,3;1974,4;-1,7;2,5;16,4;8,5;14,4;33,8;16,0;10,9;59,8;40,2;2,3;541,0;76,0;41,1;495,0;1,4;35,0;4,1;3,9;9,7;8,2;15,8;38,9;37,0;30,6;89,8;19318;38469;419,6;0,1;17,6;23,7;26,7;32,0;147,5;28,3;42,1;12,1;12,6;11,6;10,1;10,7;Die Stadt Dortmund bildet mehrere Wahlkreise. In den Spalten 1 und 7 bis 48 sind die Werte für Dortmund insgesamt ausgewiesen.
Nordrhein-Westfalen;144;Unna I;7;347,3;252,9;227,0;10,3;728,3;-4,3;3,8;16,2;7,2;10,8;35,1;18,6;12,1;33,1;66,9;1,9;502,3;89,3;44,8;606,8;1,2;32,9;4,9;3,2;11,4;6,5;18,0;35,2;40,2;29,1;89,8;21494;30568;331,8;0,3;26,9;28,9;16,7;27,2;88,9;27,4;34,6;8,0;8,6;7,3;6,2;7,7;
Nordrhein-Westfalen;145;Hamm – Unna II;4;422,4;321,9;277,1;13,9;762,1;-3,1;5,4;17,1;8,0;11,9;34,3;17,4;11,2;31,5;68,5;2,6;493,9;85,1;42,0;570,3;1,1;30,9;4,6;3,5;11,7;7,1;19,3;39,8;33,7;28,1;89,7;19796;30045;334,5;0,2;25,1;27,3;16,5;30,9;97,6;23,1;36,6;8,8;9,3;8,2;6,8;7,7;
Nordrhein-Westfalen;146;Soest;14;1.328,6;301,8;272,4;9,7;227,1;-2,3;1,9;17,0;7,5;11,4;35,2;17,5;11,3;16,1;83,9;2,9;480,7;99,9;48,0;630,2;1,1;39,2;5,9;3,9;12,0;6,8;13,9;40,8;38,5;31,3;95,3;22746;35976;369,8;1,3;38,1;20,3;12,0;28,3;58,7;25,8;34,7;6,0;6,3;5,6;4,8;7,1;
Nordrhein-Westfalen;147;Hochsauerlandkreis;12;1.960,2;259,8;236,0;9,1;132,5;-3,8;1,1;16,4;7,4;11,5;35,0;17,9;11,8;13,0;87,0;2,2;507,7;99,5;50,5;641,8;0,9;43,3;7,8;4,2;11,8;4,3;21,2;41,7;32,9;32,3;94,5;24345;36719;411,9;0,9;41,4;18,5;11,5;27,7;48,3;26,4;36,7;4,8;4,9;4,6;4,0;5,1;
Nordrhein-Westfalen;148;Siegen-Wittgenstein;11;1.132,9;276,9;246,7;10,9;244,5;-2,2;-2,5;16,4;8,5;12,8;33,5;17,5;11,3;16,9;83,1;1,7;499,0;95,8;47,8;635,6;1,2;36,8;5,7;3,6;11,6;4,5;15,6;43,1;36,7;27,4;94,3;23302;40775;421,3;0,2;40,8;20,4;12,9;25,7;63,3;27,9;40,3;6,0;6,3;5,5;5,7;6,4;
Nordrhein-Westfalen;149;Olpe – Märkischer Kreis I;13;1.161,5;276,1;243,1;12,0;237,7;-2,4;-2,3;17,1;7,5;11,7;35,3;17,2;11,2;15,1;84,9;2,3;497,6;94,7;47,1;641,4;1,1;37,8;6,8;2,9;11,6;6,9;15,0;42,4;35,7;26,2;92,7;26336;39197;415,7;0,4;51,5;15,6;10,4;22,0;59,2;27,4;38,1;6,0;6,2;5,7;5,1;6,5;
Nordrhein-Westfalen;150;Märkischer Kreis II;9;611,7;268,1;232,8;13,1;438,2;-4,3;-1,2;16,6;7,4;11,3;35,1;17,7;12,0;19,2;80,8;1,5;517,9;87,8;45,5;617,0;1,2;36,6;6,1;3,4;10,5;7,8;17,1;39,8;35,2;23,9;90,5;24762;37313;390,9;0,3;49,5;16,3;10,6;23,3;79,0;27,2;37,7;7,5;7,9;7,1;6,5;7,7;
Nordrhein-Westfalen;905;Land insgesamt;396;34.112,4;17947,2;15502,7;13,6;526,1;-2,0;2,6;16,8;7,9;12,7;34,6;16,8;11,2;23,7;76,3;2,7;504,8;87,7;44,3;570,1;1,3;39,9;6,1;3,1;10,5;6,0;16,0;38,5;39,4;29,2;91,1;22294;38769;388,6;0,5;26,4;22,4;21,4;29,4;90,8;28,0;39,6;7,9;8,3;7,4;6,4;7,8;
Sachsen;151;Nordsachsen;30;2.028,6;197,7;189,6;4,1;97,5;-5,8;6,5;15,8;4,6;9,2;36,1;20,4;14,0;11,3;88,7;2,5;561,3;80,1;45,0;584,0;0,8;39,4;9,7;1,6;8,0;10,5;10,5;48,8;30,3;56,4;91,9;20340;27465;375,1;2,9;28,9;31,3;9,8;27,1;62,1;19,8;14,2;7,4;7,7;6,9;10,3;9,1;
Sachsen;152;Leipzig I;1;169,8;293,1;263,1;10,2;1726,1;0,4;8,8;16,0;8,8;17,9;31,7;13,7;11,8;54,9;45,1;4,0;575,6;68,7;39,5;387,9;1,8;40,9;5,3;1,8;6,4;10,8;9,5;40,7;38,9;51,2;93,7;18825;36761;462,0;0,1;15,5;21,5;32,8;30,1;98,4;24,7;29,7;8,3;9,1;7,5;7,7;9,0;Die Stadt Leipzig bildet mehrere Wahlkreise. In den Spalten 1 und 7 bis 48 sind die Werte für Leipzig insgesamt ausgewiesen.
Sachsen;153;Leipzig II;1;128,0;300,0;272,7;9,1;2344,1;0,4;8,8;16,0;8,8;17,9;31,7;13,7;11,8;54,9;45,1;4,0;575,6;68,7;39,5;387,9;1,8;40,9;5,3;1,8;6,4;10,8;9,5;40,7;38,9;51,2;93,7;18825;36761;462,0;0,1;15,5;21,5;32,8;30,1;98,4;24,7;29,7;8,3;9,1;7,5;7,7;9,0;Die Stadt Leipzig bildet mehrere Wahlkreise. In den Spalten 1 und 7 bis 48 sind die Werte für Leipzig insgesamt ausgewiesen.
Sachsen;154;Leipzig-Land;30;1.651,3;258,1;251,6;2,5;156,3;-6,2;7,6;16,1;4,4;8,6;36,1;20,5;14,3;16,7;83,3;4,2;560,6;81,1;45,5;592,2;1,0;40,6;9,5;1,0;7,6;6,5;10,8;50,1;32,7;57,8;94,7;21768;26107;305,7;2,0;32,3;24,4;10,6;30,8;53,8;21,4;11,5;6,1;6,8;5,4;7,7;6,9;
Sachsen;155;Meißen;28;1.454,6;241,7;234,0;3,2;166,2;-6,1;4,6;16,2;4,4;8,6;35,1;20,0;15,7;12,3;87,7;2,1;568,0;77,8;44,2;570,0;1,2;40,6;10,1;1,4;9,1;6,1;9,9;53,4;30,6;54,7;95,3;21310;27919;366,8;2,4;34,6;24,8;10,7;27,5;50,6;20,8;13,2;6,3;6,7;5,8;5,5;8,1;
Sachsen;156;Bautzen I;52;2.224,9;252,5;246,8;2,3;113,5;-6,9;1,6;15,8;4,3;8,4;34,7;21,2;15,6;12,6;87,4;1,6;552,9;79,3;43,8;603,4;0,9;37,7;10,2;1,4;8,6;6,8;10,1;51,5;31,7;55,8;96,3;20632;26384;377,7;1,6;35,9;20,5;12,5;29,5;46,5;20,2;9,3;5,7;6,2;5,1;5,8;7,7;
Sachsen;157;Görlitz;53;2.111,4;252,7;241,1;4,6;119,7;-9,0;1,0;15,0;4,8;8,4;33,3;21,8;16,7;15,6;84,4;0,8;616,1;76,8;47,3;567,7;0,7;37,1;9,6;1,7;7,9;9,1;10,8;51,7;28,4;51,6;93,7;19486;26380;342,7;2,0;32,1;18,7;11,2;35,9;73,6;19,8;13,5;8,9;10,1;7,7;8,6;11,9;
Sachsen;158;Sächsische Schweiz-Osterzgebirge;36;1.654,2;245,6;238,6;2,9;148,5;-5,8;5,7;16,8;4,6;8,9;34,6;19,7;15,4;9,9;90,1;2,2;560,2;75,9;42,5;581,3;1,2;41,8;11,2;1,3;7,9;9,4;8,3;53,0;29,3;55,0;94,3;20914;23650;323,9;2,0;35,7;20,0;9,0;33,3;45,4;22,0;12,3;5,6;6,2;4,8;6,7;6,9;
Sachsen;159;Dresden I;1;81,5;302,1;272,4;9,8;3707,1;0,5;3,8;16,9;8,5;15,9;31,6;14,2;12,9;43,4;56,6;4,7;555,3;68,8;38,2;410,3;1,9;40,7;5,3;2,4;7,2;7,5;6,9;42,6;43,0;54,2;97,3;20112;40524;486,5;0,2;17,5;19,3;27,0;36,0;70,4;24,6;29,9;6,7;7,3;6,1;6,7;8,0;
Sachsen;160;Dresden II – Bautzen II;5;417,7;302,0;286,2;5,2;723,0;-0,2;4,7;17,1;7,9;14,8;32,3;14,9;13,1;32,9;67,1;4,4;549,5;70,6;38,8;440,5;1,7;40,2;6,1;2,2;7,5;7,4;7,5;44,2;41,0;54,4;97,1;20194;38283;469,4;0,3;19,8;19,5;25,2;35,1;66,6;24,1;27,6;6,6;7,1;5,9;6,6;7,9;Spalte 1: Ohne den im Wahlkreis 160 enthaltenen Teil der Stadt Dresden.
Sachsen;161;Mittelsachsen;37;1.675,6;240,3;230,6;4,0;143,4;-7,0;0,1;15,3;5,1;9,8;33,7;20,8;15,3;11,1;88,9;1,2;597,6;73,1;43,7;590,8;0,8;39,7;10,1;1,2;8,3;9,4;9,0;52,8;28,8;55,0;95,2;20571;27181;356,6;2,6;36,1;20,4;11,0;29,8;46,2;19,8;11,7;5,5;6,0;5,0;6,0;7,0;
Sachsen;162;Chemnitz;1;221,1;246,3;225,3;8,5;1114,4;-5,2;1,9;15,2;6,5;13,0;30,9;18,8;15,6;45,1;54,9;1,6;629,9;67,0;42,2;511,6;1,3;39,7;6,7;3,5;6,8;11,2;11,5;42,4;34,9;46,5;92,4;20366;35961;471,5;0,2;22,1;19,5;25,9;32,3;81,1;24,5;28,7;7,9;8,5;7,1;9,6;9,2;
Sachsen;163;Chemnitzer Umland – Erzgebirgskreis II;38;902,9;214,2;210,2;1,9;237,2;-7,9;2,5;15,4;4,5;8,3;34,0;22,2;15,7;16,1;83,9;1,5;586,3;75,0;44,0;595,4;0,8;40,1;10,7;1,5;8,1;9,0;7,4;53,7;29,9;51,7;95,0;20705;27194;362,1;1,6;38,6;19,6;10,6;29,5;46,0;20,3;13,1;5,3;5,8;4,8;5,7;6,8;
Sachsen;164;Erzgebirgskreis I;46;1.560,9;256,6;250,8;2,3;164,4;-8,7;-0,4;15,3;4,7;8,2;33,2;23,4;15,1;11,5;88,5;1,5;595,0;71,8;42,7;604,3;0,7;41,9;12,1;1,7;8,1;7,6;7,0;57,1;28,3;48,9;94,8;20492;23770;338,7;1,4;42,0;18,2;7,8;30,6;39,9;18,7;9,0;5,3;5,9;4,6;5,9;6,6;
Sachsen;165;Zwickau;24;755,1;243,0;233,6;3,9;321,8;-8,5;0,1;14,6;5,1;9,5;33,5;21,2;16,1;18,3;81,7;0,8;621,8;71,6;44,5;589,9;1,0;38,6;9,8;1,6;8,0;10,4;6,2;50,8;32,6;51,7;95,2;21056;30930;392,2;0,9;37,5;20,4;13,0;28,3;52,4;22,0;17,7;5,3;5,6;4,8;5,3;6,7;
Sachsen;166;Vogtlandkreis;37;1.412,4;226,0;217,4;3,8;160,0;-9,7;2,0;14,4;4,7;8,7;33,6;22,1;16,5;11,7;88,3;1,3;637,2;73,1;46,6;607,4;0,9;42,3;11,2;1,8;7,8;7,6;9,7;52,7;30,0;49,6;93,6;20424;25660;358,1;1,6;36,9;20,0;11,0;30,5;48,0;19,8;17,8;6,1;7,0;5,1;7,6;6,7;
Sachsen;914;Land insgesamt;419;18.449,9;4072,0;3863,9;5,1;220,7;-5,0;3,8;15,8;5,9;11,3;33,4;19,0;14,6;14,7;85,3;2,5;582,8;73,4;42,8;531,2;1,1;40,2;8,8;1,8;7,7;8,7;9,0;49,2;33,2;52,8;94,7;20335;30487;395,0;1,2;28,2;21,0;18,3;31,3;62,5;22,4;20,7;6,6;7,3;5,9;7,1;8,0;
Hessen;167;Waldeck;29;2.167,3;234,2;215,0;8,2;108,1;-5,2;3,2;15,9;7,0;10,6;34,7;19,1;12,8;11,3;88,7;2,0;502,8;101,9;51,2;646,5;0,9;35,6;6,9;2,2;9,5;5,5;18,5;53,0;22,9;32,3;97,1;22818;33576;354,2;0,8;40,8;20,3;9,4;28,6;44,5;28,7;37,0;4,4;4,7;4,0;4,5;4,7;
Hessen;168;Kassel;12;357,6;304,8;258,4;15,2;852,4;-1,3;4,0;15,9;8,9;14,5;32,9;16,5;11,4;35,2;64,8;1,2;514,5;84,3;43,4;508,7;1,3;38,0;5,3;4,2;9,2;5,4;15,1;46,5;32,9;31,8;90,6;20899;44710;471,8;0,2;26,0;21,1;19,3;33,4;95,3;29,5;47,6;7,3;7,9;6,6;6,2;7,0;
Hessen;169;Werra-Meißner – Hersfeld-Rotenburg;36;2.122,6;221,3;201,4;9,0;104,3;-5,1;3,0;15,6;7,1;10,9;33,9;19,5;13,1;12,1;87,9;1,6;504,8;101,0;51,0;637,9;0,7;34,7;6,6;3,7;9,8;3,6;21,9;51,6;23,0;32,6;89,2;21564;31395;351,2;1,2;28,7;29,6;10,5;30,0;52,8;29,0;31,3;5,0;5,4;4,5;5,5;5,5;
Hessen;170;Schwalm-Eder;38;2.263,0;235,9;218,6;7,4;104,3;-5,0;2,1;15,9;7,0;10,9;35,3;19,0;12,0;11,9;88,1;2,3;490,2;107,3;52,6;660,6;0,9;35,1;7,2;2,6;9,9;6,7;15,9;47,2;30,2;33,5;94,8;22413;32592;335,8;0,8;33,5;24,3;11,2;30,3;44,3;28,3;36,4;4,4;4,7;4,0;4,5;4,3;
Hessen;171;Marburg;22;1.262,4;247,1;217,3;12,0;195,7;-1,9;3,9;16,0;10,7;14,0;32,9;16,2;10,2;14,4;85,6;3,0;480,9;98,8;47,5;575,7;1,1;33,7;5,6;3,3;8,9;4,7;18,7;42,5;34,1;34,7;92,6;21581;38530;374,7;0,3;36,2;14,7;13,0;35,7;50,7;27,4;38,9;4,6;5,1;4,0;4,7;4,3;
Hessen;172;Lahn-Dill;25;1.153,2;275,9;246,5;10,7;239,3;-3,4;1,9;16,5;7,4;11,6;34,9;18,0;11,7;17,1;82,9;1,9;478,3;104,5;50,0;637,6;1,0;39,8;6,9;3,3;9,4;6,4;19,4;53,1;21,1;27,8;91,7;23504;34649;372,2;0,2;39,0;20,1;13,7;26,9;66,7;29,0;40,1;5,7;6,2;5,2;5,0;5,9;
Hessen;173;Gießen;24;1.343,3;293,6;257,7;12,2;218,6;-0,9;7,5;15,7;10,6;14,8;32,4;16,5;10,0;15,3;84,7;3,6;490,1;96,2;47,2;587,6;1,4;39,5;6,5;2,6;10,2;4,9;14,5;47,8;32,9;32,9;90,4;21486;34680;362,0;0,4;25,8;22,4;15,1;36,3;71,9;26,9;40,4;5,8;6,5;5,0;4,6;5,2;
Hessen;174;Fulda;33;2.130,2;273,1;248,3;9,1;128,2;-2,3;3,3;16,6;8,0;12,0;34,4;17,4;11,7;13,0;87,0;3,0;484,5;103,0;49,9;643,3;1,0;39,7;7,1;4,4;9,3;5,8;17,7;53,9;22,6;29,4;94,8;22678;35878;400,9;0,5;30,3;23,8;17,5;27,9;39,9;28,1;42,3;3,8;4,1;3,4;3,5;3,8;
Hessen;175;Main-Kinzig – Wetterau II – Schotten;24;1.539,5;233,9;208,8;10,7;151,9;-3,1;5,6;15,9;7,2;11,0;35,5;18,8;11,4;12,6;87,4;4,0;471,8;105,7;49,9;618,3;1,5;42,4;7,4;3,2;9,1;5,4;17,7;48,4;28,6;29,3;91,2;24511;34219;313,9;0,5;31,2;23,8;18,1;26,3;57,2;29,8;44,0;5,2;5,5;4,9;5,7;4,8;
Hessen;176;Hochtaunus;19;812,5;252,3;215,6;14,6;310,6;-2,6;3,3;17,5;6,8;10,1;36,5;17,2;11,9;17,8;82,2;2,1;478,2;103,3;49,4;696,7;2,1;53,5;7,2;3,2;10,3;4,0;13,9;42,3;39,7;35,4;93,5;32099;44772;383,2;0,3;21,9;21,7;30,2;25,9;49,6;29,6;49,1;5,1;5,4;4,9;5,9;5,3;
Hessen;177;Wetterau I;17;745,8;243,0;209,9;13,6;325,9;-1,7;7,6;16,9;7,3;11,5;36,4;16,8;11,1;17,3;82,7;4,7;472,1;101,4;47,9;619,6;1,6;43,7;7,5;2,4;9,9;5,5;15,9;38,0;40,7;33,1;92,9;24647;29667;284,5;0,7;25,4;25,3;18,8;29,8;49,7;27,3;42,5;4,8;5,2;4,3;4,6;4,8;
Hessen;178;Rheingau-Taunus – Limburg;27;1.171,2;298,0;259,8;12,8;254,5;-3,3;3,7;16,5;7,3;10,8;35,8;18,0;11,7;15,5;84,5;2,7;484,7;102,6;49,7;648,9;1,5;44,3;7,7;3,0;9,3;5,9;15,6;46,8;31,8;33,5;93,9;24946;27636;272,1;0,8;28,5;23,4;15,6;31,7;52,5;30,0;44,5;5,1;5,4;4,6;4,8;4,9;
Hessen;179;Wiesbaden;1;203,9;278,5;223,3;19,8;1365,9;0,2;-1,6;17,8;8,1;13,2;34,9;15,1;10,9;40,2;59,8;2,2;511,4;80,6;41,2;588,9;1,7;51,0;6,6;3,0;9,7;5,7;13,1;43,7;37,4;34,7;91,7;25338;63527;494,1;0,1;15,7;19,2;30,4;34,6;111,6;30,3;43,1;8,1;8,2;8,0;7,9;8,2;
Hessen;180;Hanau;14;346,2;262,0;211,8;19,2;756,8;-0,7;6,6;17,5;7,5;12,1;35,6;16,6;10,7;28,0;72,0;4,1;466,9;93,0;43,4;613,9;1,6;42,1;7,3;3,5;8,9;5,3;18,5;53,2;23,1;27,8;90,4;24607;36533;326,5;0,4;33,1;23,6;18,5;24,5;61,4;30,8;44,8;5,5;5,7;5,3;6,2;4,9;
Hessen;181;Main-Taunus;15;270,6;284,2;235,5;17,1;1050,4;-0,5;3,4;18,3;6,7;10,4;36,8;15,6;12,1;32,2;67,8;3,1;475,2;98,7;46,9;791,6;2,3;51,0;6,5;2,5;9,4;3,6;12,9;45,1;38,4;33,8;93,2;29595;54338;430,3;0,2;15,1;23,8;37,4;23,6;46,6;29,9;49,5;4,8;5,0;4,6;5,2;5,2;
Hessen;182;Frankfurt am Main I;1;85,1;380,1;254,7;33,0;4467,0;3,9;8,8;16,9;7,6;18,1;36,8;12,7;7,9;58,5;41,5;6,1;521,0;71,0;37,0;445,8;2,4;54,8;5,0;2,6;8,1;6,1;14,1;41,5;38,3;40,5;90,1;23436;94190;788,9;0,0;10,2;26,6;44,2;18,9;94,3;28,2;46,8;7,3;7,6;6,9;7,1;8,1;Die Stadt Frankfurt am Main bildet mehrere Wahlkreise. In den Spalten 1 und 7 bis 48 sind die Werte für Frankfurt am Main insgesamt ausgewiesen.
Hessen;183;Frankfurt am Main II;1;163,2;383,2;283,1;26,1;2348,1;3,9;8,8;16,9;7,6;18,1;36,8;12,7;7,9;58,5;41,5;6,1;521,0;71,0;37,0;445,8;2,4;54,8;5,0;2,6;8,1;6,1;14,1;41,5;38,3;40,5;90,1;23436;94190;788,9;0,0;10,2;26,6;44,2;18,9;94,3;28,2;46,8;7,3;7,6;6,9;7,1;8,1;Die Stadt Frankfurt am Main bildet mehrere Wahlkreise. In den Spalten 1 und 7 bis 48 sind die Werte für Frankfurt am Main insgesamt ausgewiesen.
Hessen;184;Groß-Gerau;14;453,0;275,7;213,1;22,7;608,6;0,9;3,6;17,9;7,8;12,9;35,9;15,4;10,0;24,1;75,9;3,3;454,1;91,3;41,5;577,2;1,5;35,8;5,2;1,9;9,2;5,2;19,7;48,3;26,8;21,8;89,7;22014;45716;360,7;0,4;28,9;31,1;19,6;19,9;72,9;31,3;48,9;6,1;6,2;6,0;5,7;5,8;
Hessen;185;Offenbach;9;241,4;367,1;266,9;27,3;1520,8;1,8;5,7;18,2;7,6;13,6;35,2;15,1;10,2;35,5;64,5;2,5;473,2;83,0;39,3;544,4;1,8;47,5;6,8;2,6;9,2;4,9;17,9;43,1;34,2;25,0;87,6;22717;39661;358,3;0,2;22,8;27,5;27,3;22,3;83,2;31,1;48,4;7,7;7,5;8,0;8,2;8,0;
Hessen;186;Darmstadt;15;449,3;349,9;288,6;17,5;778,7;0,5;2,1;16,8;9,2;14,7;33,9;15,5;9,9;25,9;74,1;3,2;476,1;90,1;42,9;553,0;2,0;44,0;5,7;3,4;10,0;4,7;13,1;39,8;42,3;31,5;92,6;24169;51208;444,1;0,4;26,9;18,1;26,7;27,9;67,3;31,7;45,2;5,7;5,9;5,5;5,0;6,2;
Hessen;187;Odenwald;26;1.115,1;323,5;277,7;14,2;290,1;-2,6;4,7;16,3;7,3;11,2;35,8;18,1;11,2;15,0;85,0;3,3;464,2;102,1;47,4;625,9;1,7;44,1;7,5;1,7;8,9;5,7;15,9;46,5;32,0;26,4;89,2;24193;32679;303,6;0,6;30,6;26,1;19,9;22,8;56,0;31,0;45,6;5,4;5,5;5,3;5,3;5,7;
Hessen;188;Bergstraße;22;719,5;270,3;233,1;13,8;375,7;-1,9;4,8;16,3;7,0;11,2;35,7;18,3;11,5;16,8;83,2;3,2;472,1;101,9;48,1;647,7;1,5;45,8;8,0;2,1;9,1;3,4;14,5;46,0;36,1;29,6;95,2;24752;28488;281,7;1,0;31,4;26,2;14,9;26,4;52,7;28,5;44,7;4,3;4,6;4,0;3,4;4,7;
Hessen;906;Land insgesamt;423;21.115,6;6288,1;5245,0;16,6;297,8;-1,1;4,5;16,8;7,8;12,9;35,2;16,5;10,8;16,2;83,8;3,2;486,7;93,5;45,5;597,1;1,6;43,8;6,5;2,9;9,3;5,2;16,1;46,0;32,6;31,9;91,7;23943;45700;417,2;0,4;23,8;23,8;25,9;26,1;66,3;29,4;44,5;5,7;6,0;5,4;5,5;5,7;
Thüringen;189;Eichsfeld – Nordhausen – Kyffhäuserkreis;113;2.694,9;257,6;248,1;3,7;95,6;-6,0;0,1;15,8;5,4;9,8;34,6;21,0;13,5;10,8;89,2;2,4;529,9;86,2;45,7;588,7;0,6;35,6;9,1;1,8;9,2;9,0;15,1;43,8;32,1;53,1;95,6;19239;25185;325,4;1,9;36,6;18,9;11,3;31,3;62,4;23,2;17,5;7,2;7,8;6,6;7,9;8,0;
Thüringen;190;Eisenach – Wartburgkreis – Unstrut-Hainich-Kreis;63;2.350,8;263,5;252,2;4,3;112,1;-5,8;0,1;15,7;5,1;9,7;35,3;20,7;13,5;11,1;88,9;2,5;538,5;84,3;45,4;577,2;0,9;34,5;8,0;1,5;8,9;10,3;13,0;47,6;29,1;53,7;96,1;19964;28268;369,9;2,0;37,9;18,0;13,1;29,0;55,9;23,7;18,9;6,9;7,4;6,4;7,8;8,0;
Thüringen;191;Jena – Sömmerda – Weimarer Land I;77;1.637,8;256,4;240,1;6,4;156,6;-3,1;2,9;16,0;7,1;12,9;33,4;18,5;12,0;12,4;87,6;2,9;543,7;79,3;43,1;507,3;1,1;34,7;6,9;1,2;8,3;6,6;15,9;39,0;38,5;57,6;98,0;19332;33607;407,6;1,5;29,7;17,3;16,8;34,8;53,1;23,9;23,3;6,1;6,8;5,3;6,6;6,8;
Thüringen;192;Gotha – Ilm-Kreis;46;1.741,2;241,2;225,7;6,4;138,5;-5,6;2,0;15,2;5,7;10,5;34,9;20,3;13,5;12,8;87,2;3,5;553,3;79,4;44,0;559,5;1,0;36,6;8,2;1,2;8,7;9,5;13,3;44,2;33,1;55,0;94,6;19466;28603;362,1;1,4;40,3;21,8;12,2;24,3;57,4;23,7;19,4;6,1;6,4;5,7;7,6;6,5;
Thüringen;193;Erfurt – Weimar – Weimarer Land II;3;442,7;285,7;261,4;8,5;645,5;-1,7;4,1;16,1;7,9;13,9;33,1;17,1;12,0;29,4;70,6;2,6;547,1;71,3;39,0;462,3;2,5;40,1;5,6;3,0;8,1;9,2;11,8;38,2;40,8;49,9;95,6;19288;37293;475,6;0,3;14,1;22,6;29,0;33,9;81,2;27,6;30,6;6,9;7,5;6,3;6,0;7,0;
Thüringen;194;Gera – Greiz – Altenburger Land;76;1.567,5;279,9;267,8;4,3;178,6;-8,5;-0,2;14,2;4,6;8,7;33,7;22,6;16,3;15,4;84,6;1,8;630,6;73,3;46,3;562,7;0,9;37,9;8,7;2,2;8,3;10,3;16,7;42,7;30,3;55,7;95,0;19952;24981;333,2;1,7;31,6;21,0;13,7;31,9;75,0;23,8;23,4;7,2;8,0;6,3;8,2;7,8;
Thüringen;195;Saalfeld-Rudolstadt – Saale-Holzland-Kreis – Saale-Orla-Kreis;176;2.975,3;266,5;257,7;3,3;89,6;-7,5;1,7;14,7;4,8;8,8;35,1;21,9;14,6;10,1;89,9;1,1;560,7;80,8;45,3;601,5;0,9;38,9;9,7;1,1;8,4;7,1;13,2;47,9;31,8;57,4;96,1;19948;25762;342,8;3,5;40,5;19,3;8,8;27,9;44,1;21,3;14,2;5,8;6,3;5,2;6,4;7,3;
Thüringen;196;Suhl – Schmalkalden-Meiningen – Hildburghausen – Sonneberg;80;2.792,1;282,6;269,3;4,7;101,2;-8,6;2,1;14,1;5,1;9,5;35,1;21,9;14,3;10,5;89,5;1,9;550,3;83,2;45,8;604,3;0,9;40,9;10,1;1,6;8,4;9,3;15,8;48,0;27,0;57,8;94,1;21062;28039;347,4;1,7;40,2;17,3;11,8;29,0;35,0;21,4;19,1;5,4;6,0;4,6;6,8;6,0;
Thüringen;916;Land insgesamt;634;16.202,4;2133,4;2022,2;5,2;131,7;-5,9;1,6;15,2;5,7;10,5;34,4;20,5;13,7;12,0;88,0;2,3;557,3;79,5;44,3;557,5;1,1;37,5;8,3;1,7;8,5;8,9;14,4;44,0;32,7;54,8;95,7;19793;28987;371,2;1,7;32,7;19,6;15,4;30,5;58,2;24,0;21,8;6,4;7,0;5,8;7,1;7,2;
Rheinland-Pfalz;197;Neuwied;181;1.269,4;311,6;283,3;9,1;245,5;-3,1;6,3;16,8;7,3;11,3;34,6;18,3;11,6;17,1;82,9;1,8;492,3;103,8;51,1;653,5;1,0;40,0;7,4;2,9;9,9;8,5;22,0;39,5;30,0;27,1;90,7;22885;30631;325,2;0,5;39,6;19,8;11,9;28,1;53,2;26,4;33,5;5,7;6,0;5,5;4,9;6,3;
Rheinland-Pfalz;198;Ahrweiler;131;1.337,3;250,2;228,9;8,5;187,1;-3,7;6,1;16,0;7,1;11,2;34,7;18,8;12,2;15,1;84,9;3,8;516,7;102,2;52,8;651,1;1,0;41,7;7,9;2,0;9,0;5,9;17,6;37,6;38,9;32,5;94,7;23360;28910;295,8;1,0;30,8;25,3;13,1;29,9;42,3;26,4;40,0;4,3;4,8;3,9;4,1;4,6;
Rheinland-Pfalz;199;Koblenz;63;635,8;259,8;228,8;11,9;408,6;-2,7;2,6;15,4;8,3;13,6;33,2;17,5;12,1;19,1;80,9;2,8;533,9;92,0;49,1;609,3;1,1;40,4;6,3;3,8;9,9;6,4;14,9;36,0;42,7;31,3;94,4;22354;46712;457,8;0,3;22,0;23,9;20,0;33,8;61,2;27,6;39,1;5,3;5,9;4,7;4,7;5,3;
Rheinland-Pfalz;200;Mosel/Rhein-Hunsrück;277;2.287,7;218,9;200,4;8,5;95,7;-4,4;5,2;15,5;6,8;10,8;35,0;19,6;12,2;11,6;88,4;3,2;531,7;108,3;57,6;672,5;0,9;42,6;8,1;2,3;9,9;8,0;20,9;42,2;28,8;31,3;96,7;23413;33131;354,3;1,3;34,8;23,8;11,9;28,1;35,3;27,4;34,5;4,6;4,5;4,7;4,4;5,2;
Rheinland-Pfalz;201;Kreuznach;214;1.640,7;239,3;214,7;10,3;145,8;-3,3;5,9;16,1;7,0;11,1;34,2;19,4;12,1;12,8;87,2;2,6;521,0;102,2;53,3;635,7;1,1;39,8;7,3;2,5;9,7;7,4;18,9;38,5;35,2;29,3;95,1;22375;29815;336,1;0,8;30,9;20,5;13,4;34,4;65,7;27,0;34,3;6,7;7,2;6,2;6,8;6,6;
Rheinland-Pfalz;202;Bitburg;399;3.102,3;217,8;193,3;11,3;70,2;-2,9;6,4;16,5;7,1;11,7;35,0;18,5;11,2;11,0;89,0;4,1;532,0;110,1;58,6;668,3;1,0;40,2;7,8;2,2;10,4;7,0;17,9;43,1;32,0;29,8;93,4;22568;30506;319,9;1,3;39,7;21,5;8,9;28,6;30,3;28,3;30,7;3,7;3,9;3,5;3,3;4,3;
Rheinland-Pfalz;203;Trier;105;1.219,3;260,9;228,1;12,6;214,0;-1,5;6,8;15,9;8,9;14,1;34,7;16,3;10,1;14,5;85,5;5,2;528,2;96,7;51,1;582,5;1,2;34,8;6,1;4,0;9,1;8,3;16,4;35,2;40,1;37,4;96,9;22735;30496;330,9;0,9;24,1;23,4;12,8;38,8;45,9;27,5;37,2;4,7;5,3;4,2;4,2;4,7;
Rheinland-Pfalz;204;Montabaur;297;1.508,2;272,8;249,4;8,6;180,9;-3,1;4,6;16,7;7,0;11,4;35,9;18,2;10,8;15,7;84,3;3,3;493,0;110,2;54,3;670,4;0,9;41,4;7,6;2,4;9,8;8,2;19,2;43,9;28,7;30,9;96,2;25189;32019;324,1;0,5;40,0;21,1;13,3;25,1;37,2;27,8;33,2;3,7;4,1;3,3;3,3;4,0;
Rheinland-Pfalz;205;Mainz;30;467,3;353,6;298,6;15,5;756,6;0,4;5,7;15,6;9,6;15,9;33,9;15,0;10,1;25,3;74,7;5,6;532,0;84,9;45,2;539,2;1,5;42,9;5,6;2,7;9,2;5,1;13,8;31,8;49,2;35,1;95,8;24026;48826;433,2;0,6;17,0;21,6;25,6;35,2;62,6;27,6;46,5;5,6;6,2;5,0;4,6;5,6;
Rheinland-Pfalz;206;Worms;105;932,6;289,7;255,1;11,9;310,6;-1,2;3,9;17,5;7,4;11,4;35,9;18,1;9,8;18,0;82,0;5,2;484,1;102,8;49,8;629,3;1,3;38,7;7,0;1,3;10,0;6,7;16,0;39,4;37,9;31,6;95,8;23554;31857;293,7;1,9;28,8;26,0;16,6;26,6;59,5;28,8;41,2;6,1;6,4;5,7;6,3;5,9;
Rheinland-Pfalz;207;Ludwigshafen/Frankenthal;20;314,7;324,2;258,5;20,3;1030,3;-1,1;6,0;17,5;7,5;12,8;34,6;16,2;11,4;34,2;65,8;2,9;496,9;90,0;44,7;551,2;1,5;31,4;5,1;3,0;9,3;11,0;20,1;36,3;32,6;25,2;88,5;22368;54556;434,9;1,3;41,8;17,7;16,9;22,4;89,3;29,3;46,0;8,1;8,0;8,2;6,8;8,4;
Rheinland-Pfalz;208;Neustadt – Speyer;57;866,1;287,9;257,5;10,6;332,4;-4,0;6,3;16,1;6,7;11,0;35,2;18,9;12,2;16,7;83,3;3,7;508,0;102,0;51,8;649,7;1,1;42,2;6,7;1,9;9,2;6,0;14,5;33,9;45,6;34,1;96,8;26394;29069;305,4;2,5;22,9;24,5;15,9;34,3;49,3;26,1;35,0;5,4;5,7;5,0;4,9;6,3;
Rheinland-Pfalz;209;Kaiserslautern;208;1.696,2;298,2;266,5;10,6;175,8;-3,0;2,8;15,9;8,1;12,7;33,7;18,6;11,0;13,6;86,4;1,9;545,4;102,9;56,1;606,0;1,2;34,9;6,5;3,1;10,4;9,4;17,0;36,3;37,3;27,8;92,3;20843;31327;335,6;0,4;27,3;18,6;17,0;36,8;69,0;25,7;30,1;7,0;7,5;6,5;5,9;7,8;
Rheinland-Pfalz;210;Pirmasens;108;1.388,1;222,7;204,0;8,4;160,4;-4,6;2,3;15,5;7,0;11,3;33,8;19,7;12,8;13,6;86,4;1,9;561,1;105,9;59,4;654,7;1,2;37,1;7,5;2,1;9,2;6,9;16,3;41,8;34,9;32,4;94,2;21942;26248;287,7;0,5;31,3;23,1;11,8;33,2;56,4;26,5;28,2;6,5;7,0;5,9;5,9;7,4;
Rheinland-Pfalz;211;Südpfalz;107;1.186,2;286,4;256,8;10,3;241,5;-2,0;3,3;16,2;7,9;11,8;35,4;18,0;10,7;14,7;85,3;3,1;496,3;104,1;51,7;653,2;1,3;39,1;6,8;2,4;10,2;6,5;13,5;39,4;40,6;34,3;98,1;23448;34495;351,6;1,4;33,6;24,8;12,3;27,9;47,0;28,3;36,3;5,0;5,3;4,7;4,5;6,0;
Rheinland-Pfalz;907;Land insgesamt;2302;19.858,0;4093,9;3623,7;11,5;206,2;-2,6;5,0;16,2;7,6;12,3;34,6;17,9;11,3;14,6;85,4;3,4;516,9;100,5;52,0;624,5;1,2;39,1;6,8;2,6;9,7;7,5;17,2;38,1;37,2;31,2;94,5;23197;35216;349,0;1,0;30,5;22,1;15,6;30,8;54,8;27,4;37,5;5,6;5,9;5,2;4,9;6,0;Spalte 2: In der Landessumme ist das gemeinsame deutsch-luxemburgische Hoheitsgebiet mit 6,2 km² enthalten.
Bayern;212;Altötting;55;1.374,6;227,4;199,7;12,2;165,4;-1,5;5,7;17,1;7,6;12,1;35,2;17,1;10,8;12,4;87,6;6,0;457,4;105,1;48,1;639,4;1,4;43,5;8,6;3,7;10,9;4,5;26,4;46,9;22,2;22,2;92,4;23613;41722;398,6;1,1;47,6;18,3;9,9;23,1;31,1;27,2;37,5;4,1;4,6;3,6;3,6;4,8;
Bayern;213;Erding – Ebersberg;47;1.420,1;281,8;244,9;13,1;198,5;0,9;6,7;18,3;7,9;11,9;38,0;14,6;9,4;12,8;87,2;6,1;437,0;103,7;45,3;617,4;1,8;49,6;9,0;1,0;10,3;3,1;16,5;49,0;31,4;27,8;92,7;26354;32007;311,9;1,1;21,4;34,1;18,9;24,5;17,7;28,7;41,5;2,9;3,3;2,6;2,6;4,1;
Bayern;214;Freising;50;1.802,2;337,8;287,6;14,9;187,4;1,3;5,3;17,5;8,3;13,7;37,1;14,7;8,7;13,9;86,1;8,2;457,2;103,0;47,1;628,7;1,5;44,3;8,4;2,5;9,6;5,3;22,4;50,2;22,0;26,7;92,4;25049;43404;410,7;0,8;27,6;39,8;14,5;17,3;15,3;24,9;45,9;3,2;3,4;2,8;3,1;4,1;
Bayern;215;Fürstenfeldbruck;39;992,4;333,8;283,0;15,2;336,4;1,1;1,9;17,7;7,5;12,0;36,7;15,5;10,7;15,6;84,4;5,3;455,6;97,0;44,2;577,6;1,5;47,5;8,8;2,0;10,2;6,2;19,2;41,9;32,7;29,0;92,6;26114;27786;260,3;0,8;26,2;28,4;17,3;27,3;24,3;29,8;49,3;3,5;3,8;3,2;3,2;4,4;
Bayern;216;Ingolstadt;42;1.845,6;338,0;291,7;13,7;183,2;2,0;2,0;17,8;7,9;14,2;35,4;15,2;9,5;12,9;87,1;6,9;473,6;100,0;47,4;681,4;4,0;35,8;6,6;3,8;10,9;3,7;18,7;50,1;27,5;25,8;91,3;24514;73589;500,1;0,4;47,6;16,0;16,9;19,1;27,9;29,0;45,8;3,2;3,4;3,1;3,3;4,0;
Bayern;217;München-Nord;1;87,8;372,8;265,8;28,7;4247,0;4,2;5,8;15,9;8,1;18,6;35,1;13,0;9,4;75,0;25,0;5,1;543,3;70,6;38,3;498,7;3,5;62,0;5,4;3,5;7,8;5,5;18,3;40,5;35,7;36,4;89,0;32766;79690;605,0;0,1;15,7;17,5;41,6;25,2;51,8;28,5;49,8;5,3;5,6;5,0;3,9;6,9;Die Stadt München bildet mehrere Wahlkreise. In den Spalten 1 und 7 bis 48 sind die Werte für München insgesamt ausgewiesen.
Bayern;218;München-Ost;1;79,7;391,4;290,1;25,9;4909,0;4,2;5,8;15,9;8,1;18,6;35,1;13,0;9,4;75,0;25,0;5,1;543,3;70,6;38,3;498,7;3,5;62,0;5,4;3,5;7,8;5,5;18,3;40,5;35,7;36,4;89,0;32766;79690;605,0;0,1;15,7;17,5;41,6;25,2;51,8;28,5;49,8;5,3;5,6;5,0;3,9;6,9;Die Stadt München bildet mehrere Wahlkreise. In den Spalten 1 und 7 bis 48 sind die Werte für München insgesamt ausgewiesen.
Bayern;219;München-Süd;1;52,5;340,2;252,3;25,8;6478,0;4,2;5,8;15,9;8,1;18,6;35,1;13,0;9,4;75,0;25,0;5,1;543,3;70,6;38,3;498,7;3,5;62,0;5,4;3,5;7,8;5,5;18,3;40,5;35,7;36,4;89,0;32766;79690;605,0;0,1;15,7;17,5;41,6;25,2;51,8;28,5;49,8;5,3;5,6;5,0;3,9;6,9;Die Stadt München bildet mehrere Wahlkreise. In den Spalten 1 und 7 bis 48 sind die Werte für München insgesamt ausgewiesen.
Bayern;220;München-West/Mitte;1;90,7;379,9;285,9;24,7;4189,1;4,2;5,8;15,9;8,1;18,6;35,1;13,0;9,4;75,0;25,0;5,1;543,3;70,6;38,3;498,7;3,5;62,0;5,4;3,5;7,8;5,5;18,3;40,5;35,7;36,4;89,0;32766;79690;605,0;0,1;15,7;17,5;41,6;25,2;51,8;28,5;49,8;5,3;5,6;5,0;3,9;6,9;Die Stadt München bildet mehrere Wahlkreise. In den Spalten 1 und 7 bis 48 sind die Werte für München insgesamt ausgewiesen.
Bayern;221;München-Land;29;664,3;350,5;287,2;18,0;527,6;0,2;4,5;18,1;7,9;11,7;36,2;14,4;11,6;21,1;78,9;5,0;466,2;95,9;44,7;697,7;3,0;76,5;8,2;1,1;8,7;2,5;12,6;34,7;50,2;43,6;96,8;31122;110283;684,7;0,2;21,1;23,2;41,3;14,3;21,2;30,6;48,4;3,5;3,7;3,2;2,8;4,4;
Bayern;222;Rosenheim;47;1.476,7;324,9;284,4;12,5;220,0;-0,7;3,6;17,0;7,7;12,3;35,2;16,7;11,0;12,4;87,6;4,4;479,2;96,4;46,2;632,6;1,3;57,9;11,0;3,1;10,5;3,5;21,3;47,5;27,7;22,4;91,7;25321;36635;372,2;0,7;29,9;23,2;14,4;31,7;24,5;27,5;37,2;3,7;4,2;3,2;3,1;5,0;
Bayern;223;Bad Tölz-Wolfratshausen – Miesbach;38;1.976,9;227,9;198,6;12,9;115,3;-1,3;6,0;16,9;7,3;11,4;35,9;16,5;12,0;7,2;92,8;5,3;494,9;95,0;47,0;640,9;1,5;64,6;12,5;3,3;10,4;3,8;16,4;50,6;29,2;23,2;90,2;27813;32875;327,9;1,2;32,7;26,1;13,8;26,2;18,8;27,0;40,0;3,6;4,2;3,0;2,6;5,2;
Bayern;224;Starnberg – Landsberg am Lech;46;1.313,7;297,4;258,8;13,0;226,4;-0,8;3,7;17,6;7,5;10,6;36,0;16,2;12,0;13,4;86,6;3,8;474,7;102,2;48,5;644,5;1,9;63,1;9,1;2,5;10,4;4,8;15,6;44,5;35,1;29,0;93,8;30346;39032;344,4;0,7;31,0;22,0;20,3;26,0;20,5;27,9;46,5;3,7;4,1;3,3;3,4;5,0;
Bayern;225;Traunstein;50;2.373,6;283,2;247,6;12,6;119,3;-1,8;4,1;16,0;7,5;12,2;34,4;17,6;12,4;8,3;91,7;3,7;499,9;95,3;47,6;640,6;1,2;50,3;9,6;3,1;10,3;4,3;22,6;47,1;26,0;17,6;89,1;23729;38335;373,6;0,9;39,5;23,3;9,9;26,4;23,9;27,2;39,1;4,6;5,5;3,7;3,5;5,9;
Bayern;226;Weilheim;56;1.978,5;223,9;199,0;11,1;113,2;-2,0;3,0;16,5;7,4;11,4;34,8;17,3;12,6;7,5;92,5;3,7;501,8;92,7;46,5;624,4;1,2;53,4;10,5;2,6;11,2;4,5;19,6;48,4;27,5;23,0;91,8;25229;37034;354,5;0,7;34,6;22,5;11,0;31,2;25,6;28,3;39,1;4,0;4,7;3,2;3,0;5,3;
Bayern;227;Deggendorf;55;1.941,0;211,6;195,4;7,6;109,0;-2,4;3,6;15,6;8,0;12,0;35,6;18,6;10,2;11,2;88,8;5,9;490,1;106,8;52,3;660,8;0,8;46,3;9,2;3,2;10,2;5,4;23,0;50,0;21,6;22,0;93,3;22603;36219;385,5;0,7;42,2;20,6;11,1;25,4;21,1;23,4;27,6;4,6;5,8;3,1;3,4;6,6;
Bayern;228;Landshut;53;2.305,9;343,5;297,6;13,4;149,0;0,1;8,5;17,3;8,0;12,8;36,2;16,1;9,6;12,1;87,9;4,9;452,4;105,7;47,8;632,7;1,3;43,0;8,4;3,4;10,0;5,8;22,2;49,7;22,3;23,5;91,1;24351;39072;366,5;1,0;37,3;19,5;15,6;26,7;24,3;26,2;45,3;4,2;4,7;3,6;4,2;4,9;
Bayern;229;Passau;35;1.503,6;231,7;207,3;10,5;154,1;-3,1;7,0;15,1;8,4;12,7;34,2;18,4;11,2;14,1;85,9;3,3;499,8;102,4;51,2;634,9;1,1;50,1;8,8;2,6;10,2;6,1;21,1;47,3;25,5;25,9;93,8;21866;39458;417,7;0,6;35,1;24,0;12,0;28,3;33,9;27,8;39,4;4,9;6,0;3,7;4,0;6,4;
Bayern;230;Rottal-Inn;53;2.331,3;231,1;205,2;11,2;99,1;-1,4;7,9;16,5;7,9;12,5;35,6;17,4;10,3;11,1;88,9;5,7;446,1;115,6;51,6;694,7;1,1;47,3;9,1;2,1;9,9;5,1;26,8;47,5;20,5;21,7;91,2;24283;45047;409,8;1,6;49,8;19,3;11,4;17,8;24,8;26,3;35,4;4,3;4,8;3,7;3,8;5,6;
Bayern;231;Straubing;62;2.244,0;226,3;205,2;9,3;100,9;-2,2;3,2;16,0;7,6;12,3;35,6;18,2;10,3;10,3;89,7;5,8;482,4;105,3;50,8;644,7;1,0;44,3;9,2;2,6;10,3;4,1;22,8;45,2;27,9;22,4;92,3;22553;35108;383,6;1,2;39,4;21,6;11,6;26,2;29,2;24,3;36,0;5,3;6,7;3,6;5,0;6,7;
Bayern;232;Amberg;47;2.649,9;279,8;256,0;8,5;105,6;-1,2;5,7;16,3;7,8;12,1;35,7;17,5;10,5;11,0;89,0;5,3;477,7;106,5;50,9;657,2;1,1;41,2;8,3;3,3;10,2;4,0;21,7;50,0;24,4;23,8;93,4;23575;38453;387,7;0,5;43,4;19,2;11,3;25,6;22,1;25,3;33,9;3,5;4,1;2,8;3,1;4,4;
Bayern;233;Regensburg;40;1.389,8;340,2;297,7;12,5;244,8;0,8;1,7;16,1;8,6;15,4;35,0;15,5;9,4;14,2;85,8;6,2;523,8;90,5;47,4;628,9;1,5;42,3;6,3;3,4;8,8;6,1;18,8;44,9;30,2;26,1;93,1;23694;53270;510,8;0,5;33,5;19,5;18,3;28,2;31,2;24,0;39,9;4,0;4,7;3,3;3,7;4,5;
Bayern;234;Schwandorf;74;3.067,9;282,8;261,4;7,6;92,2;-2,2;5,6;16,0;7,7;12,1;35,8;18,0;10,4;10,7;89,3;3,9;475,5;106,5;50,6;682,6;0,8;41,8;8,7;2,4;10,0;3,8;24,9;46,5;24,8;22,3;91,2;22562;36908;394,8;0,8;46,3;19,7;11,8;21,4;21,5;25,6;35,3;4,3;5,4;3,1;3,9;5,8;
Bayern;235;Weiden;65;2.582,5;209,2;195,5;6,5;81,0;-3,1;2,7;15,6;7,6;11,8;35,2;18,4;11,4;10,2;89,8;3,3;518,1;99,2;51,4;667,6;0,8;40,3;8,2;3,1;9,5;5,0;19,6;49,7;25,7;26,5;96,9;22271;38488;413,1;0,9;40,0;20,8;12,9;25,4;31,6;24,6;30,3;4,4;5,2;3,6;4,0;5,6;
Bayern;236;Bamberg;37;1.003,1;241,1;218,3;9,4;240,4;-0,2;0,3;16,3;8,1;14,1;35,2;16,4;9,8;14,1;85,9;5,2;491,9;95,6;47,0;629,7;1,2;41,2;7,3;2,8;11,3;5,3;16,1;43,1;35,5;32,8;93,3;23361;39940;421,9;0,4;36,6;22,6;12,6;27,7;28,8;25,1;35,6;3,9;4,5;3,3;3,6;5,0;
Bayern;237;Bayreuth;44;1.648,0;206,6;191,6;7,3;125,4;-3,4;4,4;14,8;9,3;12,5;34,1;17,7;11,4;11,1;88,9;2,8;521,6;94,3;49,2;627,9;1,1;40,4;7,0;2,2;9,6;6,0;17,0;43,8;33,2;35,7;95,0;22384;38185;386,8;0,7;29,7;20,2;15,7;33,8;31,2;23,6;31,1;4,3;4,9;3,7;2,9;6,1;
Bayern;238;Coburg;37;1.305,8;197,3;184,4;6,5;151,1;-4,7;0,8;14,7;7,1;11,4;35,2;19,1;12,5;12,7;87,3;3,4;516,5;98,1;50,7;661,4;1,0;39,2;7,6;2,1;9,6;7,2;22,3;40,7;29,7;41,2;96,0;24869;43985;448,7;0,5;43,6;16,7;17,7;21,5;34,3;24,2;29,2;4,6;5,1;4,1;4,6;5,9;
Bayern;239;Hof;44;1.541,3;210,6;190,4;9,6;136,6;-6,1;0,9;14,8;7,1;10,6;34,1;19,7;13,7;12,8;87,2;1,0;564,4;90,2;50,9;640,1;0,9;39,8;8,0;3,2;10,8;10,0;18,7;44,7;26,6;33,8;91,2;21897;36860;423,0;0,6;40,9;22,4;10,6;25,6;52,6;26,8;42,6;5,3;6,2;4,3;4,9;6,5;
Bayern;240;Kulmbach;52;1.733,0;209,8;199,0;5,1;121,0;-3,8;2,0;15,5;7,0;11,1;36,1;18,9;11,4;11,5;88,5;2,8;489,8;103,3;50,6;680,8;0,9;39,9;8,3;1,7;7,7;7,3;21,6;49,8;21,2;38,4;96,7;23067;32554;358,7;0,6;39,5;24,1;10,2;25,6;24,6;22,3;29,0;3,9;4,4;3,3;3,4;5,7;
Bayern;241;Ansbach;86;3.042,0;321,1;289,6;9,8;105,6;-1,6;4,7;17,0;7,8;12,0;35,1;17,4;10,7;11,3;88,7;3,8;472,4;103,3;48,8;660,6;1,0;42,1;8,0;3,7;11,4;6,4;20,6;48,3;24,7;31,8;94,0;23188;35045;380,2;1,0;41,9;18,9;9,6;28,7;22,6;25,0;38,4;3,7;4,0;3,3;3,0;5,0;
Bayern;242;Erlangen;29;720,5;257,1;223,2;13,2;356,8;-0,5;7,2;16,9;8,5;14,2;34,7;15,7;10,0;16,6;83,4;6,8;518,0;92,6;47,9;590,5;1,6;37,8;5,6;2,4;10,0;4,5;13,7;41,3;40,5;41,9;96,1;25526;64405;572,3;0,3;37,9;13,1;23,9;24,9;27,8;26,6;40,0;3,6;3,8;3,3;2,7;4,6;
Bayern;243;Fürth;50;1.559,2;340,1;297,8;12,4;218,1;-1,0;6,3;16,5;7,3;12,3;36,2;17,0;10,6;13,1;86,9;4,0;487,6;95,2;46,4;594,4;1,3;42,8;7,2;1,7;8,8;5,7;18,4;46,1;29,9;31,0;90,7;24207;30537;313,4;0,9;32,6;23,3;16,5;26,8;38,2;25,9;39,4;4,4;4,9;3,9;4,4;5,0;
Bayern;244;Nürnberg-Nord;1;85,8;290,3;220,5;24,0;3385,6;-0,9;0,6;16,0;8,1;15,8;34,2;15,1;10,8;61,6;38,4;2,6;538,9;75,6;40,7;476,2;1,9;45,0;5,5;4,4;9,7;9,0;22,9;39,3;28,8;29,7;88,3;22748;60711;596,3;0,5;20,2;22,4;33,3;23,6;79,0;26,1;47,0;6,7;7,1;6,2;5,6;7,5;
Bayern;245;Nürnberg-Süd;1;141,5;269,0;212,5;21,0;1901,3;-1,1;1,5;16,1;8,0;15,2;34,4;15,3;11,0;53,9;46,1;2,7;532,2;78,0;41,5;501,1;2,0;45,4;5,7;3,9;10,5;8,2;21,2;40,8;29,8;28,9;88,1;23272;56969;566,9;0,5;21,9;22,5;31,5;23,7;73,0;26,0;46,6;6,4;6,8;5,9;5,4;7,2;Spalte 1: Ohne den im Wahlkreis 245 enthaltenen Teil der Stadt Nürnberg.
Bayern;246;Roth;43;1.694,7;297,5;272,7;8,4;175,6;-1,9;2,7;16,6;7,2;11,0;36,2;17,7;11,4;13,1;86,9;3,8;478,3;104,0;49,7;661,4;1,6;44,1;8,0;1,7;9,0;7,5;19,1;46,3;27,1;34,1;96,9;25307;31080;321,8;0,5;40,6;22,6;10,1;26,2;20,1;26,9;37,8;3,1;3,5;2,7;2,8;4,2;
Bayern;247;Aschaffenburg;33;761,4;245,2;216,3;11,8;322,1;-1,1;3,1;16,2;7,1;12,1;35,8;17,7;11,0;16,5;83,5;2,8;495,6;97,7;48,4;656,0;1,3;49,4;8,6;2,8;10,3;4,2;20,5;47,6;27,7;31,9;94,4;24564;45382;409,0;0,4;34,5;26,5;17,4;21,2;42,0;29,1;47,8;4,6;4,8;4,4;4,4;5,1;
Bayern;248;Bad Kissingen;89;3.114,8;267,3;253,0;5,3;85,8;-3,2;2,5;16,0;7,1;11,0;35,0;19,2;11,6;10,4;89,6;2,7;491,5;104,9;51,6;683,3;1,0;38,9;8,3;1,8;10,6;5,7;23,4;45,2;25,7;39,0;94,7;22733;34936;361,6;0,8;40,4;17,4;10,2;31,2;23,2;22,5;31,0;3,6;3,8;3,2;3,1;5,0;
Bayern;249;Main-Spessart;72;2.036,8;254,9;231,0;9,4;125,1;-2,3;1,5;15,9;7,2;11,1;35,7;18,6;11,5;10,5;89,5;3,6;489,4;103,7;50,7;665,6;1,3;42,3;8,4;1,3;10,0;3,3;22,4;48,0;26,2;36,4;96,3;23464;35706;358,3;0,8;50,6;18,2;10,4;20,0;24,0;28,2;43,9;3,4;3,5;3,1;3,3;4,1;
Bayern;250;Schweinfurt;61;1.561,2;260,0;233,8;10,1;166,6;-1,7;1,8;16,3;7,5;12,3;34,6;17,9;11,4;14,4;85,6;3,1;485,1;98,9;48,0;647,3;1,3;38,2;6,6;3,7;10,9;7,0;21,4;41,9;29,7;35,9;94,4;22848;44202;436,3;1,2;41,3;22,5;11,2;23,9;33,6;28,0;40,4;3,7;3,8;3,6;2,8;4,4;
Bayern;251;Würzburg;53;1.055,9;290,2;264,0;9,0;274,9;-0,4;2,5;14,9;9,6;15,1;32,8;16,7;10,9;15,9;84,1;3,5;543,3;89,0;48,4;586,6;1,5;43,2;6,1;3,5;9,1;5,9;17,6;44,0;32,5;41,1;95,1;23974;44469;455,7;0,6;19,5;22,5;21,8;35,6;32,8;26,1;41,7;3,4;3,8;3,0;2,5;4,3;
Bayern;252;Augsburg-Stadt;2;165,3;324,6;254,7;21,6;1964,4;-0,2;4,1;15,5;9,0;16,5;33,6;14,9;10,6;44,6;55,4;2,9;514,8;75,2;38,7;482,5;1,8;40,8;5,4;3,3;10,9;6,1;21,3;40,9;31,7;24,9;86,5;20487;47808;476,3;0,1;24,9;19,1;21,3;34,5;56,8;25,0;45,9;6,4;6,8;5,9;5,1;7,5;
Bayern;253;Augsburg-Land;60;1.525,9;331,3;299,4;9,6;217,1;0,2;8,5;17,8;7,4;11,4;36,2;16,6;10,6;14,9;85,1;5,7;457,3;106,1;48,5;647,6;1,5;44,6;8,9;2,3;9,2;6,2;24,2;49,5;20,0;25,5;92,2;25308;29535;298,1;0,9;37,4;28,2;14,0;19,5;22,1;28,9;41,5;3,3;3,6;3,0;2,8;4,6;
Bayern;254;Donau-Ries;80;2.373,4;259,1;234,1;9,6;109,2;-0,8;5,1;17,3;7,9;12,1;35,7;16,8;10,2;11,5;88,5;4,8;446,2;109,0;48,6;675,0;1,3;42,2;8,4;2,7;11,1;5,7;19,7;51,2;23,4;27,9;92,7;24897;42080;408,4;1,2;46,0;20,4;11,9;20,4;18,8;28,7;41,1;2,8;3,0;2,5;2,6;3,6;
Bayern;255;Neu-Ulm;70;1.684,3;337,5;290,4;14,0;200,4;0,4;7,5;17,2;8,0;12,7;35,5;16,3;10,2;14,9;85,1;4,8;463,6;100,2;46,5;645,7;1,0;41,4;7,6;2,9;9,8;7,0;20,0;46,9;26,1;23,4;93,4;24545;41309;391,5;0,5;41,4;23,4;10,9;23,8;20,3;26,6;38,6;3,2;3,3;3,1;2,8;4,3;
Bayern;256;Oberallgäu;48;1.914,6;307,1;270,7;11,9;160,4;-1,0;5,5;16,2;7,6;12,3;34,5;17,2;12,2;8,9;91,1;4,8;523,9;88,2;46,2;626,7;1,2;51,6;8,2;3,2;9,1;5,6;23,1;47,7;23,6;23,3;92,8;24629;38673;405,4;0,9;34,6;26,0;17,4;21,1;23,3;25,5;34,3;3,8;4,1;3,5;3,1;5,0;
Bayern;257;Ostallgäu;80;2.328,1;339,8;299,6;11,8;145,9;-0,9;9,1;17,1;7,6;12,2;34,7;17,0;11,5;11,0;89,0;5,2;479,8;97,4;46,7;640,8;1,2;48,7;8,7;2,9;11,1;4,1;21,1;50,0;24,8;19,2;91,9;24550;40550;412,6;0,7;45,3;20,9;9,9;23,2;21,4;23,9;38,5;3,5;3,7;3,2;3,0;5,0;
Bayern;909;Land insgesamt;2056;70.541,6;13124,7;11345,0;13,6;186,1;-0,5;4,5;16,5;7,8;13,3;35,3;16,4;10,7;12,3;87,7;4,6;494,3;94,3;46,6;616,9;1,6;47,8;7,8;2,8;9,8;5,4;20,2;45,7;28,7;29,6;92,3;25309;47302;432,9;0,6;32,3;21,4;20,9;24,8;31,8;26,7;42,3;4,2;4,6;3,7;3,5;5,3;
Baden-Württemberg;258;Stuttgart I;1;113,8;310,8;242,1;22,1;2732,3;2,3;-0,2;15,4;8,4;18,5;34,6;13,1;10,0;51,7;48,3;2,3;495,2;74,9;37,1;483,3;3,5;48,1;4,7;5,1;7,9;6,5;11,1;40,2;42,2;38,4;92,8;25788;90518;665,3;0,1;23,3;14,3;35,2;27,0;63,4;26,1;47,8;5,6;5,8;5,2;4,0;6,2;Die Stadt Stuttgart bildet mehrere Wahlkreise. In den Spalten 1 und 7 bis 48 sind die Werte für Stuttgart insgesamt ausgewiesen.
Baden-Württemberg;259;Stuttgart II;1;93,6;325,1;234,9;27,7;3474,2;2,3;-0,2;15,4;8,4;18,5;34,6;13,1;10,0;51,7;48,3;2,3;495,2;74,9;37,1;483,3;3,5;48,1;4,7;5,1;7,9;6,5;11,1;40,2;42,2;38,4;92,8;25788;90518;665,3;0,1;23,3;14,3;35,2;27,0;63,4;26,1;47,8;5,6;5,8;5,2;4,0;6,2;Die Stadt Stuttgart bildet mehrere Wahlkreise. In den Spalten 1 und 7 bis 48 sind die Werte für Stuttgart insgesamt ausgewiesen.
Baden-Württemberg;260;Böblingen;23;563,2;370,0;300,7;18,7;657,0;1,5;1,8;18,0;7,3;13,1;35,4;15,3;10,9;23,7;76,3;2,9;467,3;93,2;43,6;654,2;3,1;38,9;5,4;4,1;9,1;5,9;13,7;50,4;30,0;28,1;92,6;25597;66535;462,1;0,1;37,7;20,6;24,4;17,2;34,5;30,0;54,2;4,1;4,2;4,0;3,0;5,2;
Baden-Württemberg;261;Esslingen;15;208,7;251,6;203,4;19,2;1205,7;0,2;2,1;16,9;8,0;13,3;35,4;14,9;11,4;30,3;69,7;2,8;484,0;86,0;41,6;623,2;1,8;43,4;6,6;3,3;9,2;4,2;16,8;44,9;34,1;27,4;93,9;25582;42726;411,1;0,4;38,4;21,4;20,2;19,6;40,6;26,3;48,8;4,4;4,7;4,0;3,8;5,0;
Baden-Württemberg;262;Nürtingen;31;465,0;298,7;249,6;16,4;642,2;0,0;2,6;16,9;7,7;12,7;35,5;16,3;11,0;22,0;78,0;3,2;476,9;92,1;43,9;624,8;1,9;43,2;6,6;3,3;9,2;4,3;16,6;45,2;33,9;27,4;93,8;25583;43937;413,7;0,4;38,4;21,3;20,4;19,4;40,3;26,5;49,0;4,4;4,7;4,0;3,8;5,0;
Baden-Württemberg;263;Göppingen;38;642,3;258,1;214,3;17,0;401,9;-1,5;5,1;17,0;7,6;12,1;34,8;16,8;11,6;16,9;83,1;2,7;473,8;92,5;43,8;643,9;1,4;42,1;7,3;4,1;9,7;6,8;17,2;49,3;26,8;23,2;94,0;24173;34635;339,0;0,3;41,2;20,1;14,9;23,5;47,3;28,4;48,2;4,9;5,2;4,6;4,4;5,8;
Baden-Württemberg;264;Waiblingen;18;513,3;322,4;269,2;16,5;628,1;0,0;2,1;17,1;7,6;12,1;35,5;16,1;11,6;20,1;79,9;2,1;478,0;89,4;42,7;621,2;1,5;44,9;7,7;4,3;9,7;6,4;14,3;52,4;26,8;25,4;94,8;25631;35442;356,2;0,5;38,9;20,5;16,0;24,1;45,0;27,9;49,2;4,6;4,9;4,3;3,5;5,2;
Baden-Württemberg;265;Ludwigsburg;16;361,4;330,4;267,2;19,1;914,1;1,5;0,0;17,7;7,4;13,6;35,6;15,0;10,8;27,8;72,2;1,9;476,7;87,3;41,6;612,0;1,7;40,3;6,3;2,6;9,6;5,1;13,2;50,2;31,5;28,7;95,4;26189;47422;381,0;0,7;35,3;23,9;19,8;20,3;34,1;29,8;49,7;3,7;3,8;3,7;3,1;4,8;
Baden-Württemberg;266;Neckar-Zaber;39;642,4;331,6;279,6;15,7;516,3;0,5;4,6;17,5;7,4;12,4;36,0;16,1;10,5;20,8;79,2;3,4;463,5;97,3;45,1;643,2;1,8;40,3;6,9;1,9;9,5;4,9;15,6;50,2;29,3;27,8;95,0;25798;49811;393,0;0,7;39,1;22,3;19,0;18,9;34,0;29,2;48,5;3,8;3,9;3,8;3,1;4,7;
Baden-Württemberg;267;Heilbronn;32;904,9;362,0;293,4;19,0;400,1;0,5;3,3;17,6;8,1;13,5;35,0;15,7;10,1;19,4;80,6;5,3;466,0;94,0;43,8;648,2;1,8;41,8;7,5;5,2;10,6;5,0;19,4;49,6;26,0;25,4;94,7;29132;55652;472,1;0,5;36,8;20,8;20,4;21,5;44,8;27,4;47,8;4,8;5,0;4,6;3,9;5,2;
Baden-Württemberg;268;Schwäbisch Hall – Hohenlohe;46;2.260,8;309,4;273,1;11,7;136,9;-0,3;5,6;17,6;7,9;12,8;35,1;16,8;9,8;12,7;87,3;5,1;464,0;100,6;46,7;688,1;1,3;40,9;8,1;4,9;10,4;5,8;20,7;51,1;22,4;22,9;94,6;24003;45338;466,3;0,8;46,3;22,4;12,9;17,6;25,8;26,1;37,7;3,6;3,7;3,4;3,0;4,5;
Baden-Württemberg;269;Backnang – Schwäbisch Gmünd;34;838,7;246,2;212,9;13,5;293,5;-1,8;4,4;17,2;8,1;12,0;34,8;17,0;11,0;15,2;84,8;3,7;471,6;95,8;45,2;640,8;1,5;42,1;7,3;4,7;10,7;5,8;15,7;49,9;28,6;25,6;95,0;25038;40920;385,1;0,4;43,7;18,2;13,6;24,1;37,8;27,1;42,1;4,2;4,3;4,0;3,0;5,1;
Baden-Württemberg;270;Aalen – Heidenheim;32;1.644,6;305,5;266,5;12,7;185,7;-2,0;3,2;17,2;8,0;12,3;34,6;16,7;11,3;12,6;87,4;3,4;471,0;97,2;45,8;645,8;1,2;38,4;6,9;4,9;10,7;5,3;17,2;47,7;29,9;25,0;95,1;23924;41390;402,3;0,4;46,4;17,1;13,4;22,7;38,0;27,4;38,1;4,4;4,5;4,3;3,3;5,3;
Baden-Württemberg;271;Karlsruhe-Stadt;1;173,4;312,1;253,5;18,8;1799,4;-0,4;-1,0;14,3;11,0;17,5;33,1;14,0;10,1;46,8;53,2;1,5;506,7;80,3;40,7;454,4;1,9;44,4;5,4;4,4;8,2;5,9;9,8;42,0;42,3;39,7;93,1;22814;65518;575,3;0,1;15,3;21,5;35,5;27,6;51,0;22,9;31,9;5,2;5,6;4,7;3,9;6,1;
Baden-Württemberg;272;Karlsruhe-Land;21;718,4;287,1;249,0;13,3;399,6;-1,8;5,2;16,5;7,2;11,5;35,7;17,5;11,6;17,4;82,6;3,6;469,5;103,2;48,5;629,2;1,3;41,0;7,8;3,5;9,4;6,5;18,1;49,1;26,3;34,7;93,5;24295;37869;356,6;0,4;35,3;20,6;23,5;20,2;30,6;27,3;42,4;3,8;4,1;3,5;3,7;4,6;
Baden-Württemberg;273;Rastatt;24;878,6;286,6;242,2;15,5;326,2;-2,8;5,1;16,1;7,1;11,6;35,4;17,9;11,9;15,0;85,0;2,9;493,6;97,8;48,3;652,2;1,4;41,9;6,3;4,2;9,4;5,9;17,0;50,4;26,7;31,7;92,2;25333;46304;433,7;0,4;44,6;18,4;16,1;20,5;37,2;26,3;44,7;4,5;4,7;4,3;3,9;5,1;
Baden-Württemberg;274;Heidelberg;12;305,5;324,7;270,8;16,6;1062,7;1,1;3,1;15,6;10,3;15,6;33,1;14,8;10,6;27,1;72,9;2,7;499,6;85,9;42,9;510,4;1,8;44,5;5,4;4,0;8,6;4,4;10,8;40,9;43,8;39,7;93,3;24496;45623;445,2;0,3;18,8;17,4;26,5;37,1;41,9;25,7;36,7;5,0;5,5;4,4;3,3;6,0;
Baden-Württemberg;275;Mannheim;1;145,0;310,7;236,5;23,9;2142,9;-0,8;4,9;15,4;10,0;16,7;33,8;14,3;9,7;58,2;41,8;1,9;537,6;75,3;40,5;492,0;1,8;45,8;5,7;3,6;9,1;8,0;12,7;41,5;37,7;29,5;87,3;22054;67775;609,5;0,1;27,0;22,7;27,3;22,9;95,0;26,9;40,8;7,7;7,8;7,6;3,2;8,3;
Baden-Württemberg;276;Odenwald – Tauber;45;2.430,1;276,0;248,6;10,0;113,6;-2,6;3,7;16,4;7,5;11,5;34,8;18,5;11,4;11,0;89,0;3,7;483,3;104,6;50,5;665,0;1,3;38,3;7,3;5,9;10,6;5,2;20,2;47,0;27,5;27,9;94,6;23078;35869;369,4;0,6;45,0;17,8;9,5;27,1;31,0;26,1;37,1;4,0;4,2;3,8;3,5;5,0;
Baden-Württemberg;277;Rhein-Neckar;34;724,8;271,1;236,6;12,7;374,0;-1,4;1,7;17,2;7,3;11,7;35,8;17,4;10,7;17,7;82,3;2,9;476,5;103,7;49,4;643,3;1,8;42,5;6,9;3,4;8,2;5,9;12,4;47,7;34,0;34,6;93,9;25278;34291;325,3;0,5;28,0;21,1;28,0;22,4;42,7;26,3;41,0;4,7;5,0;4,3;3,9;5,4;
Baden-Württemberg;278;Bruchsal – Schwetzingen;20;506,6;272,1;234,5;13,8;537,2;-1,6;3,7;16,7;7,2;12,4;36,1;17,0;10,6;23,4;76,6;3,0;472,4;100,9;47,7;635,1;1,5;41,7;7,4;3,5;8,9;6,3;15,9;48,5;29,3;34,7;93,6;24708;36368;343,5;0,4;32,4;20,8;25,3;21,1;35,7;26,8;41,7;4,2;4,5;3,9;3,8;4,9;
Baden-Württemberg;279;Pforzheim;29;671,6;325,5;264,5;18,7;484,7;-0,2;4,1;17,5;8,0;12,5;34,5;16,3;11,2;18,7;81,3;2,3;474,4;93,7;44,5;597,3;1,3;43,9;7,2;3,9;9,6;7,5;16,4;47,6;28,6;24,9;90,2;24661;34706;374,7;0,2;41,5;21,8;14,3;22,3;52,3;30,1;51,6;5,2;5,3;5,0;4,6;5,4;
Baden-Württemberg;280;Calw;41;1.667,7;277,4;238,3;14,1;166,4;-1,4;5,7;17,2;7,7;11,8;35,2;17,2;10,9;10,7;89,3;3,3;487,4;95,0;46,3;657,1;1,3;42,0;8,4;4,9;9,6;6,3;17,2;53,8;22,8;26,5;94,1;24611;33886;348,2;0,3;41,0;23,1;9,2;26,4;30,5;24,2;39,8;4,1;4,2;3,9;2,9;5,0;
Baden-Württemberg;281;Freiburg;20;452,8;320,8;270,9;15,5;708,4;2,1;1,9;16,4;10,5;16,7;32,7;14,4;9,4;21,1;78,9;6,2;493,8;81,0;40,0;459,3;1,7;47,1;5,8;6,1;9,6;6,7;9,6;40,1;43,5;42,0;97,4;22899;45746;491,3;0,3;17,7;21,8;19,0;41,2;56,9;27,1;37,5;5,3;6,0;4,6;3,1;5,7;
Baden-Württemberg;282;Lörrach – Müllheim;48;1.155,1;324,2;276,2;14,8;280,7;-0,7;3,6;17,6;7,2;11,9;35,2;16,9;11,1;13,7;86,3;4,1;478,5;95,7;45,8;598,9;1,6;40,0;6,9;2,5;9,3;5,1;15,2;48,3;31,5;29,0;93,8;26699;32707;336,4;0,8;37,5;24,5;12,4;24,7;39,0;28,0;40,2;4,7;5,3;4,1;3,3;5,3;
Baden-Württemberg;283;Emmendingen – Lahr;41;1.204,2;298,2;263,5;11,6;247,6;-0,3;6,1;17,7;7,5;11,9;35,2;17,1;10,7;12,2;87,8;3,8;460,4;97,8;45,0;619,2;1,1;42,9;7,6;4,0;9,1;5,9;19,4;49,5;25,2;33,5;95,5;23747;36655;370,0;0,7;40,8;20,9;11,7;26,0;33,5;29,4;41,4;3,8;4,0;3,5;2,9;4,2;
Baden-Württemberg;284;Offenburg;29;1.094,4;278,4;245,0;12,0;254,4;-1,4;5,1;16,9;7,6;12,2;34,7;17,5;11,1;13,5;86,5;3,4;469,2;99,5;46,7;634,0;1,0;42,0;6,8;4,2;10,1;5,1;17,9;48,4;28,7;33,2;94,8;23948;41282;426,0;0,6;38,9;23,7;11,8;25,1;36,6;30,0;39,3;4,0;4,2;3,9;3,3;4,5;
Baden-Württemberg;285;Rottweil – Tuttlingen;56;1.503,8;280,6;239,6;14,6;186,6;-0,6;4,5;18,1;7,8;12,4;34,5;16,3;10,9;12,8;87,2;3,6;473,4;99,4;47,0;650,8;1,2;44,4;8,0;4,3;9,5;6,0;21,4;47,0;25,6;24,1;94,3;25665;47601;444,3;0,2;58,0;15,4;8,5;18,0;30,1;30,4;46,8;3,7;3,9;3,6;3,7;4,1;
Baden-Württemberg;286;Schwarzwald-Baar;25;1.266,8;233,3;197,1;15,5;184,2;-1,3;1,7;16,9;7,6;12,4;33,6;17,3;12,1;10,5;89,5;2,1;497,9;91,2;45,4;621,8;1,4;42,5;7,0;5,0;9,9;6,2;15,7;53,8;24,3;28,1;94,5;24906;40292;413,0;0,3;43,5;19,6;11,8;24,8;37,8;29,4;41,5;4,6;4,9;4,2;4,1;4,8;
Baden-Württemberg;287;Konstanz;25;818,0;286,3;242,3;15,4;350,0;-0,8;4,8;16,4;9,7;12,9;33,5;16,1;11,4;16,1;83,9;4,1;502,6;89,2;44,8;559,8;1,6;44,6;6,5;4,7;8,9;5,8;17,3;46,5;30,5;31,7;93,6;25486;35093;360,6;1,0;28,7;24,5;15,7;30,0;41,4;29,8;42,6;4,7;5,2;4,1;3,3;5,1;
Baden-Württemberg;288;Waldshut;50;1.861,3;249,5;212,8;14,7;134,1;-1,0;2,8;17,7;7,5;11,6;34,4;17,5;11,4;9,2;90,8;4,3;496,9;96,7;48,0;620,6;1,4;41,0;7,8;3,4;9,9;6,1;19,7;50,1;24,1;26,8;94,4;25384;30901;319,8;0,7;36,9;26,1;10,4;25,8;32,0;30,4;41,3;4,2;4,8;3,6;3,3;5,0;
Baden-Württemberg;289;Reutlingen;26;1.092,5;287,0;241,3;15,9;262,7;0,0;2,8;17,4;7,9;12,2;35,0;16,3;11,2;13,4;86,6;3,9;472,5;93,6;44,2;627,6;1,3;45,0;8,1;4,6;9,9;5,4;19,4;45,4;29,9;30,2;93,7;24763;40454;401,5;0,4;39,7;18,2;16,8;24,8;41,8;28,9;49,1;4,6;4,8;4,3;4,0;4,6;
Baden-Württemberg;290;Tübingen;21;788,8;278,4;240,3;13,7;353,0;1,1;4,2;16,8;10,5;14,7;33,2;15,5;9,3;16,5;83,5;6,9;460,1;95,4;43,9;573,6;1,4;40,0;6,9;3,8;9,9;5,6;13,7;43,2;37,5;36,1;94,6;23995;34329;370,5;1,5;30,0;16,7;12,9;39,0;32,8;28,8;46,3;3,6;4,0;3,1;2,5;4,3;
Baden-Württemberg;291;Ulm;56;1.477,2;323,9;271,4;16,2;219,2;0,8;4,1;17,5;8,8;14,1;34,3;15,3;10,0;13,9;86,1;4,4;470,7;95,1;44,8;600,8;1,2;43,0;6,8;5,6;10,4;5,0;18,8;45,6;30,7;27,2;94,6;24607;49780;468,6;0,4;32,9;22,7;18,5;25,4;32,0;30,8;49,5;3,7;4,0;3,4;3,6;4,3;
Baden-Württemberg;292;Biberach;49;1.748,1;230,5;205,5;10,9;131,9;1,6;5,4;18,7;7,8;12,6;35,2;16,0;9,6;11,6;88,4;6,7;458,4;104,9;48,1;649,5;1,0;40,3;7,5;4,7;10,7;7,5;19,8;50,2;22,5;25,1;95,0;24084;51858;431,4;0,7;52,7;16,2;10,5;19,9;22,3;28,6;44,1;2,9;3,1;2,6;2,6;3,3;
Baden-Württemberg;293;Bodensee;27;860,6;239,1;206,6;13,6;277,9;-1,1;6,9;16,8;7,5;11,9;34,5;17,4;11,9;14,0;86,0;4,4;500,3;93,3;46,7;637,9;1,7;46,0;7,2;5,3;10,1;8,0;14,4;49,3;28,2;29,8;95,3;26222;50142;426,0;1,0;45,4;17,3;12,2;24,2;27,7;27,6;41,4;3,6;3,6;3,5;2,9;4,2;
Baden-Württemberg;294;Ravensburg;35;1.293,5;256,2;226,4;11,6;198,1;0,5;4,2;17,4;8,5;12,9;34,5;16,2;10,4;11,7;88,3;3,6;463,3;95,3;44,2;630,7;1,1;48,0;8,1;5,8;12,1;6,7;15,0;52,4;25,9;25,8;94,6;24132;45098;424,1;0,7;36,8;19,9;13,8;28,7;29,9;26,8;36,0;3,4;3,7;3,0;3,2;3,8;
Baden-Württemberg;295;Zollernalb – Sigmaringen;40;1.656,3;248,8;218,3;12,3;150,2;-2,1;3,4;16,7;7,9;12,1;34,5;17,3;11,6;12,1;87,9;3,3;478,9;101,4;48,5;669,1;1,3;44,2;9,2;4,5;10,3;6,0;18,4;52,0;23,6;28,3;92,4;24495;36869;369,7;0,7;46,1;20,2;9,0;24,0;27,6;25,5;31,0;4,1;4,2;3,9;3,9;4,8;
Baden-Württemberg;908;Land insgesamt;1101;35.747,8;11100,4;9338,7;15,9;310,5;-0,2;3,4;16,9;8,2;13,3;34,7;16,1;10,8;14,8;85,2;3,5;480,5;92,8;44,6;605,7;1,6;42,9;6,9;4,3;9,6;5,9;16,1;47,7;30,3;30,0;93,9;24892;46480;425,8;0,5;35,6;20,1;19,2;24,6;40,5;27,6;43,6;4,4;4,7;4,1;3,5;5,0;
Saarland;296;Saarbrücken;6;325,7;271,4;226,8;16,4;833,3;-4,0;2,0;15,0;8,3;13,9;32,8;18,4;11,7;31,8;68,2;2,5;549,7;87,1;47,9;582,9;1,5;41,6;6,5;3,2;9,0;8,0;28,0;27,9;36,0;28,2;89,0;19205;44904;460,7;0,1;22,6;19,7;25,1;32,6;131,8;26,9;42,6;10,3;11,4;9,2;8,1;9,2;
Saarland;297;Saarlouis;18;893,2;262,4;233,9;10,9;293,8;-5,8;2,1;15,0;6,7;11,3;34,8;20,0;12,2;19,2;80,8;3,0;507,8;109,6;55,7;689,1;1,1;36,0;7,6;3,8;9,1;5,5;26,6;32,8;35,2;31,4;96,2;20022;30444;339,7;0,4;35,6;24,2;13,8;25,9;55,0;26,3;40,4;5,7;6,2;5,0;3,7;5,9;
Saarland;298;St. Wendel;16;802,0;212,6;198,8;6,5;265,1;-6,5;2,7;14,2;6,4;10,9;34,9;20,6;12,9;18,5;81,5;2,7;511,9;110,4;56,5;676,2;1,2;34,1;7,2;3,9;8,7;8,1;27,8;33,2;30,9;30,0;89,3;20799;30272;329,8;0,4;33,9;20,6;14,6;30,6;69,6;27,6;40,6;6,3;6,7;5,8;5,3;6,1;
Saarland;299;Homburg;12;550,2;240,5;214,4;10,9;437,1;-6,5;2,0;14,8;7,0;11,4;33,9;19,9;13,1;24,1;75,9;2,1;531,0;99,3;52,7;663,8;1,4;38,1;7,4;3,7;8,5;7,7;24,1;33,3;34,8;30,0;91,5;21301;37042;421,5;0,2;33,9;19,9;16,6;29,5;78,9;27,0;41,6;7,0;7,6;6,2;6,3;7,2;
Saarland;910;Land insgesamt;52;2.571,1;986,9;874,0;11,4;383,8;-5,6;2,2;14,8;7,2;12,0;34,0;19,7;12,4;21,6;78,4;2,6;525,9;100,8;53,0;650,9;1,3;37,7;7,2;3,6;8,9;7,3;26,7;31,6;34,4;29,8;91,6;20277;35985;390,8;0,3;30,6;20,9;18,3;29,9;85,1;27,0;41,6;7,4;8,1;6,6;5,9;7,1;
Deutschland;999;Insgesamt;10799;357.581,0;83166,7;72768,7;12,5;232,6;-1,9;3,9;16,4;7,5;12,7;34,8;17,1;11,5;14,4;85,6;3,5;511,2;89,0;45,5;573,7;1,4;42,0;6,7;3,1;9,6;6,6;16,2;42,3;34,9;35,0;92,5;22899;40339;400,7;0,8;28,1;22,1;20,7;28,3;67,6;26,9;36,4;6,3;6,8;5,8;5,6;6,7;Spalte 21 und 22: Einschl. Fahrzeuge, die regional nicht zugeordnet wurden. Spalte 35: Einschl. sozialversicherungspflichtig Beschäftigte, für die eine Länderzuordnung am Arbeitsort nicht möglich ist.
